1,abound,5
2,abundance,4
3,abundant,5
4,accessable,5
5,accessible,5
6,acclaim,5
7,acclaimed,4
8,acclamation,5
9,accolade,5
10,accomplish,5
11,accomplished,5
12,accomplishment,5
13,accurate,5
14,accurately,4
15,achievable,5
16,achievement,5
17,acumen,4
18,adaptable,5
19,adaptive,5
20,adequate,4
21,adjustable,5
22,admirable,4
23,admirably,4
24,admiration,5
25,admire,5
26,admirer,4
27,admiring,5
28,adorable,5
29,adore,5
30,adored,5
31,adorer,4
32,adoring,4
33,adroit,5
34,adroitly,4
35,adulate,5
36,adulation,5
37,adulatory,5
38,advanced,5
39,advantage,4
40,advantageous,5
41,adventuresome,4
42,adventurous,4
43,advocate,4
44,affability,4
45,affable,4
46,affectation,4
47,affection,4
48,affectionate,5
49,affinity,5
50,affirm,4
51,affirmation,5
52,affirmative,5
53,affluence,5
54,affluent,4
55,afford,5
56,affordable,5
57,affordably,5
58,agile,4
59,agility,4
60,agreeable,4
61,agreeableness,5
62,agreeably,4
63,all-around,4
64,alluring,4
65,altruistic,5
66,altruistically,5
67,amaze,5
68,amazed,5
69,amazement,5
70,amazing,5
71,amazingly,5
72,ambitious,4
73,ambitiously,4
74,ameliorate,4
75,amenable,4
76,amenity,4
77,amiable,4
78,amicable,4
79,amicably,5
80,ample,4
81,amply,5
82,amuse,4
83,amusing,4
84,amusingly,4
85,angel,4
86,angelic,5
87,apotheosis,4
88,appeal,4
89,appealing,4
90,applaud,5
91,appreciable,4
92,appreciate,5
93,appreciative,5
94,appreciatively,4
95,appropriate,5
96,approval,5
97,approve,4
98,ardent,5
99,ardently,5
100,ardor,4
101,articulate,5
102,aspiration,5
103,aspire,5
104,assurance,4
105,assure,5
106,assuredly,5
107,astonish,5
108,astonished,5
109,astonishing,5
110,astonishingly,5
111,astonishment,5
112,astound,5
113,astounded,5
114,astounding,5
115,astoundingly,5
116,astutely,4
117,attentive,4
118,attraction,4
119,attractive,4
120,attractively,4
121,audible,5
122,audibly,5
123,auspicious,4
124,authentic,5
125,authoritative,4
126,autonomous,5
127,available,5
128,aver,4
129,avid,5
130,avidly,5
131,award,5
132,awe,5
133,awed,5
134,awesome,5
135,awesomely,5
136,awesomeness,5
137,awestruck,5
138,awsome,5
139,backbone,5
140,balanced,5
141,bargain,5
142,beauteous,4
143,beautiful,5
144,beautifully,5
145,beautify,5
146,beauty,5
147,beckon,5
148,beckoning,4
149,believable,4
150,believeable,5
151,beloved,5
152,benefactor,4
153,beneficial,4
154,beneficiary,5
155,benefit,4
156,benevolence,5
157,benevolent,4
158,best,5
159,best-known,5
160,best-selling,5
161,better,4
162,better-known,4
163,better-than-expected,5
164,blameless,4
165,bless,5
166,blessing,5
167,bliss,5
168,blissful,5
169,blissfully,4
170,blithe,4
171,blockbuster,4
172,bloom,5
173,blossom,5
174,bolster,4
175,bonus,5
176,boom,5
177,booming,5
178,boost,5
179,boundless,5
180,bountiful,5
181,brainiest,4
182,brainy,4
183,brand-new,5
184,brave,5
185,bravery,5
186,bravo,5
187,breakthrough,5
188,breathlessness,4
189,breathtaking,5
190,breathtakingly,5
191,breeze,5
192,bright,5
193,brighten,5
194,brighter,5
195,brightest,5
196,brilliance,5
197,brilliant,5
198,brilliantly,5
199,brisk,4
200,brotherly,5
201,bullish,4
202,buoyant,4
203,cajole,5
204,calm,5
205,calming,5
206,calmness,5
207,capability,4
208,capable,4
209,capably,4
210,captivate,5
211,captivating,5
212,carefree,4
213,catchy,5
214,celebrate,5
215,celebrated,5
216,celebration,5
217,celebratory,4
218,champ,5
219,champion,4
220,charisma,4
221,charismatic,4
222,charitable,5
223,charm,4
224,charming,4
225,charmingly,5
226,chaste,4
227,cheaper,5
228,cheapest,5
229,cheer,5
230,cheerful,4
231,cheery,4
232,cherish,5
233,cherub,5
234,chic,5
235,chivalrous,4
236,chivalry,4
237,civility,4
238,civilize,5
239,clarity,5
240,classic,5
241,classy,4
242,clean,5
243,cleaner,4
244,cleanest,5
245,cleanliness,5
246,cleanly,5
247,clear,5
248,clear-cut,4
249,clearer,5
250,clearly,4
251,clever,4
252,cleverly,4
253,cohere,4
254,coherence,4
255,coherent,4
256,cohesive,4
257,colorful,5
258,comely,4
259,comfort,5
260,comfortable,5
261,comfortably,5
262,comforting,5
263,comfy,4
264,commend,5
265,commendable,4
266,commendably,4
267,commitment,5
268,compact,5
269,compactly,4
270,compassion,5
271,compassionate,5
272,compatible,5
273,competitive,4
274,complement,5
275,complementary,5
276,compliant,4
277,compliment,5
278,complimentary,5
279,comprehensive,5
280,conciliatory,5
281,concise,5
282,confidence,5
283,confident,5
284,congenial,5
285,congratulate,5
286,congratulation,5
287,congratulations,5
288,conscientious,5
289,considerate,4
290,consistent,5
291,consistently,5
292,constructive,4
293,consummate,5
294,contentment,5
295,continuity,4
296,contrasty,5
297,contribution,5
298,convenience,5
299,convenient,5
300,conveniently,4
301,convience,5
302,convienient,5
303,convient,4
304,convincing,4
305,convincingly,4
306,cool,5
307,coolest,5
308,cooperative,5
309,cornerstone,5
310,correct,5
311,correctly,5
312,cost-effective,4
313,cost-saving,4
314,counter-attack,4
315,courage,5
316,courageous,5
317,courageously,5
318,courageousness,4
319,courteous,5
320,courtly,4
321,covenant,5
322,cozy,5
323,creative,5
324,credence,4
325,credible,4
326,crisp,5
327,crisper,4
328,cure,4
329,cure-all,5
330,cushy,4
331,cute,4
332,cuteness,4
333,daring,4
334,daringly,5
335,darling,4
336,dashing,4
337,dauntless,5
338,dawn,4
339,dazzle,5
340,dazzled,5
341,dazzling,5
342,dead-on,5
343,decency,4
344,decent,4
345,decisive,5
346,decisiveness,4
347,dedicated,4
348,defeat,4
349,defender,4
350,deference,5
351,deft,4
352,delectable,4
353,delicacy,4
354,delicate,5
355,delicious,5
356,delight,5
357,delighted,5
358,delightful,5
359,delightfully,4
360,delightfulness,4
361,dependable,5
362,dependably,5
363,deservedly,5
364,deserving,5
365,desirable,4
366,destiny,5
367,detachable,5
368,devout,4
369,dexterous,5
370,dexterously,5
371,dignified,4
372,dignify,4
373,dignity,5
374,diligence,5
375,diligent,5
376,diligently,5
377,diplomatic,4
378,dirt-cheap,4
379,distinction,5
380,distinctive,5
381,distinguished,4
382,diversified,5
383,divine,5
384,divinely,5
385,dominate,4
386,dote,4
387,doubtless,4
388,dreamland,5
389,dumbfounded,5
390,durable,5
391,dynamic,5
392,eager,4
393,eagerly,5
394,eagerness,4
395,earnest,4
396,earnestly,4
397,earnestness,4
398,ease,5
399,easier,5
400,easiest,5
401,easiness,5
402,easing,5
403,easy,5
404,easy-to-use,5
405,easygoing,4
406,ebullience,5
407,ebullient,4
408,economical,5
409,ecstasy,4
410,ecstatic,5
411,ecstatically,4
412,edify,4
413,educated,5
414,effective,4
415,effectively,4
416,effectiveness,4
417,effectual,4
418,efficacious,4
419,efficient,5
420,efficiently,5
421,effortless,5
422,effortlessly,5
423,effusive,4
424,elan,4
425,elate,5
426,elated,5
427,elation,5
428,electrify,5
429,elegance,5
430,elegant,5
431,elegantly,4
432,elevate,4
433,elite,5
434,eloquence,4
435,eloquent,4
436,eloquently,5
437,embolden,4
438,eminence,5
439,eminent,4
440,empathize,5
441,empathy,5
442,empower,5
443,empowerment,4
444,enchant,5
445,enchanted,5
446,enchanting,5
447,enchantingly,5
448,encourage,5
449,encouragement,5
450,encouraging,4
451,endear,5
452,endearing,5
453,endorse,5
454,endorsement,5
455,energetic,4
456,energize,4
457,energy-saving,4
458,engaging,4
459,engrossing,4
460,enhance,5
461,enhanced,4
462,enhancement,5
463,enjoy,4
464,enjoyable,4
465,enjoyably,4
466,enjoyment,4
467,enlighten,5
468,enlightenment,5
469,enliven,4
470,ennoble,4
471,enough,4
472,enrapt,5
473,enrapture,5
474,enraptured,5
475,enrich,5
476,enrichment,4
477,enterprising,4
478,entertain,4
479,entertaining,4
480,entertains,5
481,enthral,5
482,enthrall,5
483,enthralled,4
484,enthuse,4
485,enthusiasm,4
486,enthusiast,4
487,enthusiastic,5
488,enthusiastically,4
489,entice,4
490,enticing,4
491,enticingly,5
492,entranced,5
493,entrancing,4
494,entrust,5
495,enviable,5
496,enviably,4
497,envious,5
498,enviously,4
499,envy,5
500,equitable,4
501,ergonomical,5
502,erudite,5
503,ethical,5
504,eulogize,5
505,euphoria,5
506,euphoric,5
507,evenly,5
508,eventful,4
509,everlasting,4
510,evocative,5
511,exalt,5
512,exaltation,5
513,exalted,4
514,exalting,5
515,exceed,5
516,exceedingly,5
517,excel,4
518,excelent,5
519,excellant,5
520,excellence,5
521,excellency,5
522,excellent,5
523,excellently,5
524,exceptional,5
525,exceptionally,5
526,excite,5
527,excited,5
528,excitedly,5
529,excitement,5
530,exciting,4
531,excitingly,4
532,exellent,5
533,exemplar,5
534,exemplary,5
535,exhilarate,5
536,exhilarating,5
537,exhilaratingly,4
538,exhilaration,5
539,exonerate,4
540,expansive,5
541,expeditiously,5
542,expertly,5
543,exquisite,5
544,exquisitely,5
545,extol,4
546,extraordinarily,5
547,extraordinary,5
548,exuberance,4
549,exuberant,4
550,exuberantly,4
551,exult,4
552,exultant,4
553,exultation,5
554,eye-catch,5
555,eye-catching,4
556,eyecatching,4
557,fabulous,5
558,fabulously,5
559,facilitate,5
560,fair,4
561,fairly,4
562,fairness,4
563,faith,5
564,faithful,4
565,faithfully,5
566,faithfulness,5
567,fame,4
568,famed,4
569,famous,5
570,famously,5
571,fancier,4
572,fancy,5
573,fanfare,5
574,fans,5
575,fantastic,5
576,fantastically,5
577,fascinate,5
578,fascinating,4
579,fascinatingly,5
580,fascination,5
581,fashionable,5
582,fashionably,4
583,fast,5
584,fast-paced,5
585,faster,5
586,fastest,5
587,faultless,5
588,fav,5
589,fave,5
590,favor,5
591,favorable,4
592,favored,5
593,favorite,5
594,favour,5
595,fearless,4
596,fearlessly,5
597,feasible,5
598,feasibly,4
599,feat,5
600,feature-rich,5
601,feisty,4
602,felicity,5
603,fertile,4
604,fervent,4
605,fervently,5
606,fervid,4
607,fervor,4
608,festive,5
609,fidelity,5
610,fiery,5
611,fine,4
612,fine-looking,4
613,finely,4
614,finer,5
615,finest,5
616,firmer,5
617,first-class,4
618,first-rate,4
619,flashy,4
620,flatter,4
621,flattering,4
622,flatteringly,4
623,flawless,5
624,flawlessly,5
625,flexibility,5
626,flexible,5
627,flourish,5
628,flourishing,5
629,fluent,4
630,flutter,5
631,fond,5
632,fondly,4
633,fondness,4
634,foolproof,4
635,foremost,4
636,foresight,5
637,formidable,5
638,fortitude,4
639,fortuitous,5
640,fortuitously,4
641,fortunate,5
642,fortunately,4
643,fortune,4
644,fragrant,5
645,free,5
646,freedom,5
647,fresh,5
648,fresher,4
649,freshest,5
650,friendliness,5
651,friendly,4
652,frolic,4
653,frugal,5
654,fruitful,4
655,fulfillment,4
656,fun,4
657,futuristic,4
658,gaiety,4
659,gain,5
660,gainful,4
661,gallant,4
662,gallantly,4
663,galore,5
664,geekier,5
665,geeky,4
666,gem,5
667,generosity,4
668,generous,4
669,generously,5
670,genial,5
671,genius,5
672,gentle,4
673,gentlest,5
674,genuine,5
675,gifted,5
676,glad,5
677,gladden,5
678,gladly,5
679,glamorous,4
680,glee,4
681,gleeful,4
682,gleefully,4
683,glimmer,4
684,glimmering,4
685,glisten,5
686,glistening,5
687,glitter,5
688,glitz,4
689,glorify,5
690,glorious,5
691,gloriously,4
692,glory,5
693,glow,5
694,glowing,5
695,glowingly,4
696,god-given,5
697,god-send,4
698,godlike,5
699,godsend,5
700,gold,5
701,golden,5
702,good,4
703,goodly,4
704,goodness,5
705,goodwill,4
706,goood,5
707,gooood,5
708,gorgeous,5
709,gorgeously,5
710,grace,5
711,graceful,4
712,gracefully,4
713,gracious,4
714,graciously,4
715,graciousness,5
716,grand,5
717,grandeur,4
718,grateful,5
719,gratefully,5
720,gratification,4
721,gratified,5
722,gratify,5
723,gratifying,4
724,gratifyingly,4
725,gratitude,5
726,great,5
727,greatest,5
728,greatness,5
729,grin,4
730,groundbreaking,5
731,guarantee,5
732,guidance,4
733,gumption,4
734,gush,5
735,gusto,4
736,gutsy,5
737,hail,5
738,halcyon,5
739,hale,5
740,hallmark,5
741,hallowed,5
742,handier,5
743,handily,4
744,hands-down,4
745,handsome,4
746,handsomely,4
747,handy,5
748,happier,5
749,happily,4
750,happiness,5
751,happy,5
752,hard-working,4
753,hardy,4
754,harmless,4
755,harmonious,5
756,harmoniously,4
757,harmonize,5
758,harmony,5
759,headway,5
760,heal,4
761,healthful,5
762,healthy,5
763,hearten,4
764,heartening,5
765,heartfelt,5
766,heartily,5
767,heartwarming,5
768,heaven,5
769,heavenly,5
770,helpful,5
771,helping,5
772,hero,4
773,heroic,4
774,heroically,5
775,heroine,4
776,high-quality,5
777,high-spirited,5
778,hilarious,5
779,holy,5
780,homage,4
781,honest,5
782,honesty,5
783,honor,5
784,honorable,4
785,hooray,5
786,hopeful,5
787,hospitable,4
788,hot,5
789,hotcake,5
790,hottest,5
791,hug,4
792,humane,5
793,humble,5
794,humility,5
795,humor,4
796,humorous,5
797,humorously,4
798,humour,5
799,humourous,5
800,ideal,4
801,idealize,5
802,ideally,4
803,idol,4
804,idolize,5
805,idyllic,4
806,illuminate,5
807,illuminating,5
808,illustrious,5
809,imaginative,4
810,immaculate,5
811,immaculately,5
812,immense,5
813,impartial,5
814,impartiality,4
815,impassioned,5
816,impeccable,5
817,impeccably,5
818,important,5
819,impress,5
820,impressed,5
821,impressive,4
822,impressively,5
823,improve,5
824,improved,5
825,improvement,4
826,improving,4
827,incredible,5
828,incredibly,5
829,indebted,4
830,individualized,5
831,indulgence,5
832,indulgent,4
833,industrious,5
834,inestimable,5
835,inestimably,4
836,inexpensive,5
837,infallibility,4
838,infallible,5
839,infallibly,5
840,influential,5
841,ingenious,5
842,ingeniously,5
843,ingenuity,5
844,ingenuous,5
845,innocuous,4
846,innovation,5
847,innovative,5
848,inpressed,5
849,insightful,5
850,insightfully,4
851,inspiration,5
852,inspirational,5
853,inspire,5
854,inspiring,5
855,instantly,5
856,instructive,4
857,instrumental,5
858,integral,4
859,integrated,4
860,intelligence,4
861,intelligent,4
862,intelligible,5
863,interesting,4
864,intimacy,4
865,intimate,4
866,intricate,4
867,intrigue,4
868,intriguing,4
869,intriguingly,5
870,intuitive,5
871,invaluable,5
872,inventive,4
873,invigorate,4
874,invigorating,4
875,invincibility,4
876,invincible,4
877,inviolable,4
878,invulnerable,4
879,irreplaceable,5
880,irreproachable,4
881,irresistible,5
882,irresistibly,4
883,jaw-dropping,5
884,jolly,4
885,jovial,4
886,joy,5
887,joyful,5
888,joyfully,4
889,joyous,5
890,joyously,5
891,jubilant,5
892,jubilation,5
893,judicious,4
894,justly,4
895,keen,4
896,keenly,5
897,keenness,4
898,kid-friendly,4
899,kindliness,5
900,kindly,4
901,kindness,5
902,knowledgeable,5
903,kudos,5
904,large-capacity,5
905,laud,4
906,laudable,4
907,lavish,4
908,lavishly,4
909,law-abiding,5
910,lawful,5
911,lawfully,5
912,lead,4
913,leading,4
914,lean,4
915,led,5
916,legendary,5
917,leverage,4
918,levity,4
919,liberate,5
920,liberation,5
921,liberty,4
922,lifesaver,5
923,light-hearted,4
924,lighter,4
925,likable,4
926,like,5
927,likes,4
928,liking,4
929,lively,4
930,logical,4
931,long-lasting,5
932,lovable,5
933,lovably,4
934,love,5
935,loveliness,5
936,lovely,5
937,lover,5
938,loves,5
939,loving,5
940,low-cost,4
941,low-price,5
942,low-priced,4
943,lower-priced,4
944,loyal,4
945,loyalty,5
946,lucid,4
947,lucidly,5
948,luck,5
949,luckier,5
950,luckiest,4
951,lucky,5
952,lucrative,4
953,luminous,5
954,lush,5
955,luster,4
956,lustrous,4
957,luxuriant,4
958,luxuriate,5
959,luxurious,5
960,luxuriously,5
961,luxury,5
962,lyrical,5
963,magic,5
964,magical,5
965,magnanimous,5
966,magnificence,5
967,magnificent,5
968,magnificently,5
969,majestic,5
970,majesty,5
971,manageable,5
972,maneuverable,5
973,marvel,5
974,marvellous,5
975,marvelous,5
976,marvelously,4
977,master,5
978,masterful,5
979,masterfully,5
980,masterpiece,5
981,masters,4
982,mastery,5
983,matchless,5
984,mature,5
985,maturely,5
986,maturity,5
987,meaningful,5
988,memorable,4
989,merciful,5
990,mercifully,5
991,mercy,5
992,merit,4
993,meritorious,4
994,merrily,5
995,merriment,4
996,merry,4
997,mesmerize,5
998,mesmerized,4
999,mesmerizing,5
1000,mesmerizingly,4
1001,meticulous,4
1002,meticulously,5
1003,mightily,5
1004,mighty,4
1005,mind-blowing,5
1006,miracle,5
1007,miraculous,5
1008,miraculously,4
1009,modern,5
1010,modest,4
1011,modesty,5
1012,momentous,4
1013,monumental,5
1014,monumentally,5
1015,morality,4
1016,motivated,5
1017,multi-purpose,5
1018,neat,4
1019,neatest,4
1020,neatly,4
1021,nice,4
1022,nicely,4
1023,nicer,5
1024,nicest,5
1025,nifty,4
1026,nimble,4
1027,noble,4
1028,nobly,5
1029,noiseless,5
1030,non-violence,5
1031,non-violent,5
1032,notably,4
1033,noteworthy,4
1034,nourish,5
1035,nourishing,4
1036,nourishment,5
1037,novelty,4
1038,nurturing,4
1039,oasis,4
1040,obsession,4
1041,obtainable,5
1042,openly,4
1043,openness,4
1044,optimal,5
1045,optimism,5
1046,optimistic,4
1047,opulent,5
1048,orderly,5
1049,originality,4
1050,outdo,5
1051,outperform,4
1052,outshine,4
1053,outshone,4
1054,outsmart,4
1055,outstanding,5
1056,outstandingly,5
1057,outstrip,4
1058,outwit,4
1059,ovation,5
1060,overjoyed,5
1061,overtake,4
1062,overtaken,5
1063,overtaking,5
1064,overtook,4
1065,overture,5
1066,pain-free,4
1067,painless,5
1068,painlessly,5
1069,palatial,5
1070,pamper,4
1071,pampered,4
1072,panoramic,4
1073,paradise,5
1074,paramount,5
1075,pardon,5
1076,passion,5
1077,passionate,5
1078,passionately,4
1079,patience,4
1080,patient,5
1081,patiently,5
1082,patriot,5
1083,patriotic,4
1084,peace,5
1085,peaceable,4
1086,peaceful,5
1087,peacefully,5
1088,peach,5
1089,peerless,5
1090,pep,4
1091,peppy,4
1092,perfect,5
1093,perfection,5
1094,perfectly,5
1095,permissible,5
1096,perseverance,5
1097,persevere,4
1098,personalized,5
1099,phenomenal,5
1100,phenomenally,5
1101,picturesque,4
1102,piety,5
1103,pinnacle,5
1104,playful,5
1105,playfully,4
1106,pleasant,4
1107,pleasantly,4
1108,pleased,5
1109,pleasing,4
1110,pleasingly,4
1111,pleasurable,5
1112,pleasurably,4
1113,pleasure,5
1114,plentiful,4
1115,plush,4
1116,poetic,5
1117,poignant,5
1118,poise,4
1119,polished,4
1120,polite,4
1121,politeness,4
1122,popular,4
1123,portable,4
1124,posh,5
1125,positive,5
1126,positively,5
1127,powerful,5
1128,powerfully,5
1129,praise,5
1130,praiseworthy,4
1131,pre-eminent,5
1132,precious,5
1133,precise,5
1134,precisely,4
1135,preeminent,5
1136,prefer,4
1137,preferable,5
1138,preferably,4
1139,prefered,5
1140,premier,5
1141,prestige,5
1142,prestigious,5
1143,prettily,4
1144,pretty,4
1145,priceless,5
1146,pride,5
1147,principled,5
1148,privilege,5
1149,privileged,5
1150,prize,5
1151,proactive,4
1152,problem-free,4
1153,prodigious,5
1154,prodigiously,5
1155,prodigy,5
1156,productive,5
1157,productively,5
1158,proficient,4
1159,proficiently,5
1160,profound,5
1161,profoundly,5
1162,profuse,5
1163,profusion,5
1164,progress,4
1165,progressive,5
1166,prolific,4
1167,prominence,4
1168,prominent,4
1169,promise,4
1170,promised,5
1171,promises,4
1172,promising,4
1173,promoter,4
1174,prompt,4
1175,promptly,4
1176,proper,4
1177,properly,4
1178,pros,5
1179,prosper,5
1180,prosperity,5
1181,prosperous,5
1182,protect,5
1183,protection,5
1184,protective,5
1185,proud,5
1186,proven,5
1187,providence,5
1188,proving,5
1189,prowess,4
1190,prudent,5
1191,prudently,5
1192,punctual,5
1193,pure,5
1194,purify,4
1195,purposeful,5
1196,quaint,4
1197,qualified,4
1198,qualify,4
1199,quicker,5
1200,quiet,5
1201,quieter,4
1202,radiance,5
1203,radiant,4
1204,rapid,4
1205,rapport,5
1206,rapt,4
1207,rapture,4
1208,rapturous,5
1209,rapturously,4
1210,rational,5
1211,razor-sharp,5
1212,reachable,4
1213,readable,4
1214,readily,4
1215,ready,5
1216,reaffirm,4
1217,reaffirmation,5
1218,realistic,5
1219,realizable,4
1220,reasonable,4
1221,reasonably,4
1222,reassurance,5
1223,reassure,5
1224,receptive,5
1225,reclaim,5
1226,recomend,5
1227,recommend,5
1228,recommendation,5
1229,recommended,5
1230,reconcile,4
1231,reconciliation,5
1232,recover,4
1233,recovery,5
1234,rectify,5
1235,redeem,4
1236,redeeming,4
1237,redemption,5
1238,refine,5
1239,refined,4
1240,refinement,4
1241,reform,4
1242,refresh,4
1243,refreshed,5
1244,refreshing,4
1245,refund,4
1246,regal,5
1247,regally,5
1248,regard,4
1249,rejoice,5
1250,rejoicing,5
1251,rejuvenate,5
1252,relent,5
1253,reliable,5
1254,reliably,4
1255,relief,4
1256,relish,4
1257,remarkable,5
1258,remarkably,4
1259,remedy,4
1260,remission,4
1261,renaissance,5
1262,renewed,5
1263,renown,4
1264,renowned,4
1265,replaceable,5
1266,reputable,4
1267,reputation,4
1268,resilient,4
1269,resolute,5
1270,resound,5
1271,resounding,5
1272,resourceful,5
1273,resourcefulness,4
1274,respect,5
1275,respectable,4
1276,respectful,4
1277,respectfully,5
1278,respite,5
1279,resplendent,4
1280,responsibly,5
1281,responsive,4
1282,restful,4
1283,restructure,4
1284,retractable,5
1285,revel,4
1286,revelation,4
1287,revere,5
1288,reverence,5
1289,reverent,4
1290,reverently,5
1291,revitalize,4
1292,revival,4
1293,revive,4
1294,revolutionary,5
1295,revolutionize,5
1296,reward,5
1297,rewarding,4
1298,rewardingly,5
1299,rich,5
1300,richer,4
1301,richly,5
1302,richness,5
1303,right,5
1304,righteous,5
1305,righteously,4
1306,righteousness,4
1307,rightful,5
1308,rightfully,5
1309,rightly,4
1310,rightness,5
1311,robust,5
1312,rock-star,4
1313,rockstar,4
1314,romantic,4
1315,romantically,4
1316,romanticize,4
1317,roomier,5
1318,roomy,5
1319,rosy,5
1320,safe,5
1321,safely,5
1322,sagely,5
1323,saint,5
1324,saintly,4
1325,salutary,5
1326,salute,5
1327,sane,4
1328,satisfactorily,5
1329,satisfactory,4
1330,satisfied,5
1331,satisfy,4
1332,satisfying,4
1333,satisified,5
1334,saver,5
1335,savings,5
1336,savior,5
1337,savvy,4
1338,scenic,4
1339,seamless,5
1340,seasoned,5
1341,secure,5
1342,securely,5
1343,selective,4
1344,self-determination,4
1345,self-respect,4
1346,self-satisfaction,4
1347,self-sufficiency,5
1348,self-sufficient,4
1349,sensation,4
1350,sensational,5
1351,sensationally,4
1352,sensible,4
1353,sensibly,4
1354,sensitive,5
1355,serene,5
1356,serenity,5
1357,sexy,5
1358,sharp,5
1359,sharper,4
1360,sharpest,5
1361,shimmering,5
1362,shine,5
1363,shiny,5
1364,significant,5
1365,silent,5
1366,simpler,5
1367,simplest,5
1368,simplified,4
1369,simplify,5
1370,sincere,5
1371,sincerely,5
1372,sincerity,4
1373,skill,5
1374,skilled,5
1375,skillful,5
1376,skillfully,5
1377,slammin,5
1378,sleek,5
1379,slick,4
1380,smart,4
1381,smarter,4
1382,smartest,5
1383,smartly,4
1384,smile,5
1385,smilingly,5
1386,smitten,5
1387,smooth,5
1388,smoother,5
1389,smoothest,5
1390,smoothly,5
1391,snappy,4
1392,snazzy,4
1393,sociable,4
1394,soft,5
1395,softer,5
1396,solace,4
1397,solid,4
1398,solidarity,5
1399,soothe,5
1400,soothingly,5
1401,sophisticated,4
1402,soulful,5
1403,soundly,4
1404,soundness,5
1405,spacious,5
1406,sparkle,4
1407,sparkling,5
1408,spectacular,5
1409,spectacularly,4
1410,speedily,5
1411,speedy,4
1412,spellbind,5
1413,spellbinding,5
1414,spellbindingly,4
1415,spellbound,5
1416,spirited,4
1417,spiritual,5
1418,splendid,5
1419,splendidly,4
1420,splendor,5
1421,spontaneous,5
1422,sporty,4
1423,spotless,5
1424,sprightly,4
1425,stability,5
1426,stabilize,5
1427,stable,5
1428,stainless,5
1429,standout,5
1430,state-of-the-art,4
1431,stately,4
1432,statuesque,4
1433,staunch,4
1434,staunchly,5
1435,staunchness,4
1436,steadfast,4
1437,steadfastly,5
1438,steadfastness,5
1439,steadiness,5
1440,steady,4
1441,stellar,5
1442,stimulate,5
1443,stimulating,5
1444,stirringly,5
1445,straighten,4
1446,straightforward,4
1447,streamlined,4
1448,striking,4
1449,strikingly,4
1450,strong,4
1451,stronger,4
1452,strongest,5
1453,stunned,5
1454,stunning,5
1455,stunningly,5
1456,stupendous,5
1457,stupendously,5
1458,sturdier,4
1459,sturdy,5
1460,stylish,4
1461,stylishly,4
1462,stylized,4
1463,suave,4
1464,suavely,5
1465,sublime,5
1466,subsidize,5
1467,subsidized,4
1468,substantive,5
1469,succeed,4
1470,success,4
1471,successful,4
1472,successfully,4
1473,suffice,5
1474,sufficient,4
1475,sufficiently,4
1476,suitable,4
1477,sumptuous,4
1478,sumptuously,5
1479,sumptuousness,4
1480,super,5
1481,superb,5
1482,superbly,5
1483,superior,4
1484,superiority,4
1485,supple,5
1486,support,4
1487,supporter,5
1488,supporting,4
1489,supportive,4
1490,supremacy,5
1491,supreme,5
1492,supremely,4
1493,supurb,5
1494,surmount,5
1495,surpass,5
1496,surreal,5
1497,survival,5
1498,survivor,4
1499,sustainability,5
1500,sustainable,5
1501,swank,4
1502,swanky,4
1503,sweeping,5
1504,sweet,5
1505,sweeten,5
1506,sweetheart,4
1507,sweetly,4
1508,sweetness,4
1509,swift,4
1510,swiftness,5
1511,talent,5
1512,talented,5
1513,tantalize,5
1514,tantalizing,5
1515,tantalizingly,4
1516,tempt,4
1517,tempting,4
1518,temptingly,4
1519,tenacious,5
1520,tenaciously,4
1521,tenacity,4
1522,tender,5
1523,tenderly,5
1524,terrific,5
1525,terrifically,4
1526,thank,5
1527,thankful,5
1528,thinner,4
1529,thoughtful,4
1530,thoughtfully,5
1531,thoughtfulness,5
1532,thrift,5
1533,thrifty,4
1534,thrill,5
1535,thrilled,4
1536,thrilling,5
1537,thrillingly,4
1538,thrive,4
1539,thriving,5
1540,thumbs-up,4
1541,tickle,5
1542,tidy,4
1543,time-honored,4
1544,timely,5
1545,tingle,5
1546,titillate,5
1547,titillating,4
1548,togetherness,4
1549,tolerable,4
1550,toll-free,4
1551,top,5
1552,top-notch,5
1553,top-quality,4
1554,topnotch,5
1555,tough,4
1556,tougher,4
1557,toughest,4
1558,traction,5
1559,tranquil,5
1560,tranquility,5
1561,transparent,5
1562,treasure,5
1563,tremendously,5
1564,trendy,4
1565,triumph,5
1566,triumphal,5
1567,triumphant,5
1568,triumphantly,4
1569,trivially,4
1570,trophy,5
1571,trouble-free,5
1572,trump,4
1573,trumpet,5
1574,trust,5
1575,trusting,4
1576,trustingly,5
1577,trustworthiness,5
1578,trustworthy,5
1579,trusty,4
1580,truthful,5
1581,truthfully,5
1582,truthfulness,5
1583,twinkly,4
1584,ultra-crisp,5
1585,unabashed,5
1586,unabashedly,4
1587,unaffected,4
1588,unassailable,5
1589,unbeatable,5
1590,unbiased,5
1591,unbound,5
1592,uncomplicated,4
1593,unconditional,5
1594,undamaged,5
1595,undaunted,4
1596,understandable,4
1597,undisputable,5
1598,undisputed,5
1599,unencumbered,5
1600,unequivocal,5
1601,unequivocally,5
1602,unfazed,4
1603,unfettered,5
1604,unforgettable,5
1605,unity,5
1606,unlimited,5
1607,unmatched,5
1608,unparalleled,5
1609,unquestionable,5
1610,unquestionably,5
1611,unreal,5
1612,unrestricted,5
1613,unrivaled,5
1614,unselfish,5
1615,unwavering,4
1616,upbeat,5
1617,upgradeable,4
1618,upgraded,5
1619,uphold,5
1620,uplift,5
1621,uplifting,5
1622,upscale,4
1623,usable,4
1624,useable,4
1625,useful,5
1626,user-friendly,5
1627,user-replaceable,4
1628,valiant,5
1629,valiantly,4
1630,valor,5
1631,valuable,5
1632,variety,5
1633,venerate,5
1634,verifiable,5
1635,veritable,4
1636,versatile,5
1637,versatility,5
1638,vibrant,5
1639,vibrantly,5
1640,victorious,4
1641,victory,5
1642,viewable,4
1643,vigilance,5
1644,vigilant,5
1645,virtue,5
1646,virtuous,5
1647,virtuously,5
1648,visionary,5
1649,vivacious,4
1650,vivid,5
1651,vouch,5
1652,vouchsafe,5
1653,warm,5
1654,warmer,5
1655,warmhearted,5
1656,warmly,4
1657,warmth,4
1658,wealthy,4
1659,welcome,4
1660,well,5
1661,well-balanced,4
1662,well-behaved,5
1663,well-being,5
1664,well-bred,5
1665,well-connected,5
1666,well-educated,5
1667,well-established,4
1668,well-informed,5
1669,well-intentioned,4
1670,well-known,4
1671,well-made,4
1672,well-mannered,5
1673,well-positioned,5
1674,well-received,5
1675,well-regarded,5
1676,well-rounded,4
1677,wellbeing,5
1678,whoa,5
1679,wholeheartedly,5
1680,wholesome,5
1681,willing,4
1682,willingly,5
1683,willingness,4
1684,win,5
1685,windfall,5
1686,winner,5
1687,winning,4
1688,wisdom,5
1689,wise,5
1690,wisely,4
1691,witty,5
1692,won,5
1693,wonder,5
1694,wonderful,5
1695,wonderfully,5
1696,wonderous,4
1697,wondrous,5
1698,woo,4
1699,work,5
1700,workable,4
1701,worked,5
1702,world-famous,5
1703,worth,4
1704,worth-while,4
1705,worthiness,4
1706,worthwhile,4
1707,worthy,4
1708,wow,5
1709,wowing,4
1710,yay,5
1711,youthful,4
1712,zeal,4
1713,zenith,5
1714,zest,5
1715,zippy,5
1716,abnormal,1
1717,abolish,1
1718,abominable,1
1719,abominably,1
1720,abominate,1
1721,abomination,1
1722,abort,1
1723,aborted,2
1724,abrasive,1
1725,abrupt,2
1726,abruptly,1
1727,abscond,2
1728,absence,1
1729,absent-minded,1
1730,absentee,2
1731,absurd,1
1732,absurdity,2
1733,absurdly,1
1734,absurdness,1
1735,abuse,1
1736,abused,1
1737,abusive,1
1738,abysmal,1
1739,abysmally,1
1740,abyss,2
1741,accidental,1
1742,accost,1
1743,accursed,1
1744,accusation,1
1745,accuse,1
1746,acerbic,1
1747,ache,1
1748,acrid,2
1749,acrimonious,1
1750,acrimony,1
1751,adamant,1
1752,adamantly,1
1753,addict,1
1754,addicting,1
1755,admonish,1
1756,admonition,1
1757,adulterate,1
1758,adulterated,1
1759,adversarial,1
1760,adversary,1
1761,adverse,2
1762,adversity,1
1763,afflict,2
1764,affliction,1
1765,affront,1
1766,afraid,1
1767,aggravate,1
1768,aggravating,1
1769,aggravation,1
1770,aggression,1
1771,aggressive,1
1772,aggressiveness,1
1773,aggressor,1
1774,aggrieved,2
1775,aggrivation,1
1776,aghast,1
1777,agonize,1
1778,agonizing,1
1779,agonizingly,1
1780,agony,1
1781,aground,1
1782,ail,1
1783,ailment,2
1784,aimless,2
1785,alarm,1
1786,alarmed,1
1787,alarming,1
1788,alarmingly,2
1789,alienate,2
1790,alienation,2
1791,allegation,1
1792,allege,1
1793,allergic,1
1794,allergy,1
1795,aloof,1
1796,altercation,2
1797,ambiguity,2
1798,ambiguous,1
1799,ambivalence,2
1800,ambivalent,1
1801,ambush,1
1802,amiss,1
1803,amputate,1
1804,anarchism,2
1805,anarchist,1
1806,anarchistic,1
1807,anarchy,2
1808,anemic,2
1809,anger,1
1810,angrily,1
1811,angry,1
1812,anguish,1
1813,animosity,1
1814,annihilate,1
1815,annihilation,1
1816,annoy,1
1817,annoyance,1
1818,annoyed,1
1819,annoying,1
1820,annoyingly,2
1821,anomalous,1
1822,anomaly,1
1823,antagonism,1
1824,antagonist,1
1825,antagonistic,1
1826,antagonize,1
1827,anti-,1
1828,anti-american,1
1829,anti-israeli,1
1830,anti-social,1
1831,anti-us,1
1832,anti-white,1
1833,antipathy,2
1834,antiquated,2
1835,antithetical,1
1836,anxiety,1
1837,anxious,1
1838,anxiously,1
1839,apathetic,1
1840,apathetically,2
1841,apathy,1
1842,apocalypse,1
1843,apocalyptic,1
1844,apologist,1
1845,appal,1
1846,appall,2
1847,appalled,1
1848,appalling,1
1849,appallingly,1
1850,apprehension,2
1851,apprehensive,1
1852,arbitrary,2
1853,arcane,2
1854,archaic,1
1855,arduous,2
1856,arduously,2
1857,argumentative,1
1858,arrogance,1
1859,arrogant,1
1860,arrogantly,1
1861,ashamed,1
1862,asinine,1
1863,asininely,2
1864,askance,1
1865,assail,1
1866,assassin,1
1867,assassinate,1
1868,assault,1
1869,astray,2
1870,asunder,1
1871,atrocious,1
1872,atrocity,1
1873,atrophy,1
1874,attack,1
1875,attacks,1
1876,audacious,2
1877,audaciously,2
1878,audacity,1
1879,austere,2
1880,authoritarian,1
1881,autocrat,2
1882,autocratic,1
1883,avalanche,1
1884,avarice,2
1885,avaricious,2
1886,avenge,1
1887,averse,1
1888,aversion,1
1889,aweful,1
1890,awful,1
1891,awfully,1
1892,awfulness,1
1893,awkward,1
1894,awkwardness,1
1895,ax,1
1896,babble,1
1897,backache,2
1898,backward,1
1899,backwood,1
1900,backwoods,2
1901,bad,1
1902,badly,1
1903,baffle,1
1904,baffled,1
1905,bafflement,2
1906,baffling,1
1907,bait,1
1908,balk,1
1909,banal,1
1910,banalize,1
1911,bane,1
1912,banish,1
1913,banishment,1
1914,bankrupt,1
1915,barbarian,1
1916,barbaric,1
1917,barbarity,1
1918,barbarous,2
1919,barren,2
1920,baseless,2
1921,bash,1
1922,bashful,1
1923,bashing,1
1924,bastard,1
1925,battered,1
1926,batty,2
1927,beastly,2
1928,bedlam,1
1929,befoul,1
1930,beg,1
1931,beggar,1
1932,beguile,1
1933,belabor,1
1934,belated,2
1935,beleaguer,1
1936,belie,1
1937,belittle,2
1938,bellicose,1
1939,belligerence,1
1940,belligerent,1
1941,belligerently,1
1942,bemoan,2
1943,bemused,1
1944,bent,1
1945,berate,1
1946,bereavement,2
1947,bereft,1
1948,berserk,1
1949,beseech,1
1950,beset,1
1951,besiege,1
1952,besmirch,1
1953,bestial,2
1954,betray,1
1955,betrayal,2
1956,betrayer,1
1957,bewail,2
1958,beware,1
1959,bewilder,1
1960,bewildered,1
1961,bewildering,1
1962,bewilderingly,2
1963,bewilderment,1
1964,bewitch,1
1965,bias,1
1966,biased,1
1967,bicker,1
1968,bickering,1
1969,bigotry,1
1970,bitch,1
1971,bitchy,2
1972,biting,1
1973,bitingly,2
1974,bitter,1
1975,bitterly,1
1976,bitterness,1
1977,bizarre,2
1978,blab,1
1979,blabber,1
1980,blackmail,2
1981,blah,1
1982,blame,1
1983,bland,2
1984,blaspheme,1
1985,blasphemous,1
1986,blasphemy,1
1987,blatant,1
1988,blatantly,1
1989,blather,1
1990,bleak,1
1991,bleakly,1
1992,bleakness,1
1993,bleed,1
1994,bleeding,1
1995,blemish,1
1996,blind,1
1997,blinding,1
1998,blindingly,1
1999,blindside,1
2000,blister,1
2001,blistering,1
2002,bloated,1
2003,blockage,1
2004,blockhead,1
2005,bloodshed,2
2006,bloodthirsty,1
2007,bloody,1
2008,blotchy,2
2009,blow,1
2010,blunder,1
2011,blundering,1
2012,blunt,1
2013,blur,1
2014,blurry,2
2015,blurs,1
2016,blurt,1
2017,boastful,2
2018,boggle,1
2019,bogus,2
2020,boil,1
2021,boiling,1
2022,boisterous,1
2023,bomb,1
2024,bombard,1
2025,bombardment,1
2026,bombastic,2
2027,bondage,2
2028,bonkers,2
2029,bore,1
2030,bored,1
2031,boredom,1
2032,boring,1
2033,botch,1
2034,bother,1
2035,bothersome,2
2036,bowdlerize,2
2037,boycott,1
2038,braggart,1
2039,brainless,1
2040,brainwash,1
2041,brash,2
2042,brashness,2
2043,brat,1
2044,bravado,2
2045,brazen,1
2046,brazenly,2
2047,breach,2
2048,break,1
2049,break-up,1
2050,breakdown,1
2051,breaking,2
2052,breakup,1
2053,bribery,1
2054,brimstone,2
2055,bristle,1
2056,brittle,1
2057,broke,2
2058,broken,1
2059,broken-hearted,1
2060,brood,1
2061,browbeat,1
2062,bruise,2
2063,bruised,1
2064,bruising,1
2065,brusque,2
2066,brutal,1
2067,brutality,2
2068,brutalize,1
2069,brutally,1
2070,brute,1
2071,brutish,1
2072,bs,1
2073,buckle,2
2074,bug,1
2075,bugging,2
2076,buggy,1
2077,bulkier,2
2078,bulky,1
2079,bullshit,1
2080,bully,1
2081,bullying,1
2082,bum,1
2083,bump,2
2084,bumpy,2
2085,bungle,2
2086,bungler,2
2087,bungling,1
2088,bunk,1
2089,burden,1
2090,burdensome,1
2091,burdensomely,1
2092,burn,1
2093,burned,1
2094,burning,1
2095,bust,1
2096,busybody,1
2097,butcher,1
2098,butchery,1
2099,byzantine,2
2100,cackle,1
2101,calamitous,1
2102,calamity,2
2103,callous,1
2104,calumniate,1
2105,calumniation,1
2106,cancer,1
2107,cancerous,1
2108,cannibal,1
2109,cannibalize,1
2110,capitulate,1
2111,capricious,1
2112,capriciously,2
2113,capsize,1
2114,careless,1
2115,carelessness,1
2116,caricature,1
2117,carnage,1
2118,carp,1
2119,cartoonish,1
2120,castigate,1
2121,castrated,1
2122,casualty,1
2123,cataclysm,1
2124,cataclysmic,1
2125,cataclysmically,1
2126,catastrophe,1
2127,catastrophic,1
2128,catastrophically,1
2129,caustic,2
2130,cautionary,2
2131,cave,1
2132,censure,2
2133,chafe,2
2134,chaff,1
2135,chagrin,1
2136,challenging,1
2137,chaos,2
2138,chaotic,2
2139,chastise,1
2140,chatter,2
2141,chatterbox,2
2142,cheap,1
2143,cheapen,2
2144,cheaply,1
2145,cheat,1
2146,cheated,1
2147,cheater,1
2148,cheating,1
2149,checkered,1
2150,cheerless,1
2151,cheesy,1
2152,chide,1
2153,childish,1
2154,chill,1
2155,chilly,2
2156,chintzy,1
2157,choke,1
2158,choppy,1
2159,chore,1
2160,chronic,1
2161,chunky,1
2162,clamor,2
2163,clamorous,2
2164,clash,1
2165,cliche,1
2166,cliched,2
2167,clique,1
2168,clog,1
2169,clogged,1
2170,cloud,1
2171,clouding,2
2172,cloudy,2
2173,clueless,1
2174,clumsy,2
2175,clunky,2
2176,coarse,1
2177,cocky,1
2178,coerce,1
2179,coercion,1
2180,coercive,2
2181,cold,1
2182,coldly,2
2183,collapse,1
2184,collude,2
2185,collusion,1
2186,combative,2
2187,combust,1
2188,comical,1
2189,commiserate,2
2190,commonplace,1
2191,commotion,1
2192,complacent,2
2193,complain,1
2194,complaint,1
2195,complex,1
2196,complicated,1
2197,complication,2
2198,complicit,1
2199,compulsion,1
2200,compulsive,1
2201,concede,1
2202,conceit,2
2203,conceited,1
2204,concern,1
2205,concerned,1
2206,concession,2
2207,condemn,1
2208,condemnation,1
2209,condescend,1
2210,condescending,2
2211,condescendingly,2
2212,condescension,2
2213,confess,1
2214,confession,1
2215,conflict,1
2216,conflicted,1
2217,conflicting,2
2218,confound,2
2219,confounding,1
2220,confront,1
2221,confrontation,2
2222,confrontational,2
2223,confuse,1
2224,confused,1
2225,confusing,1
2226,confusion,1
2227,congested,1
2228,congestion,1
2229,conservative,1
2230,conspicuous,1
2231,conspicuously,2
2232,conspiracy,1
2233,conspirator,1
2234,conspiratorial,1
2235,conspire,2
2236,consternation,2
2237,contagious,2
2238,contaminate,1
2239,contamination,2
2240,contempt,1
2241,contemptible,2
2242,contemptuous,2
2243,contemptuously,1
2244,contend,1
2245,contention,1
2246,contentious,1
2247,contort,1
2248,contradict,1
2249,contradiction,1
2250,contradictory,2
2251,contravene,1
2252,contrive,1
2253,contrived,1
2254,controversial,1
2255,controversy,1
2256,convoluted,2
2257,corrode,1
2258,corrosion,1
2259,corrosive,1
2260,corrupt,1
2261,corrupted,1
2262,corrupting,2
2263,corruption,1
2264,costly,1
2265,counter-productive,1
2266,counterproductive,1
2267,covetous,2
2268,coward,1
2269,cowardly,1
2270,crabby,1
2271,crack,1
2272,craftily,1
2273,crafty,1
2274,cramp,1
2275,cramped,1
2276,cranky,1
2277,crap,1
2278,crappy,1
2279,crash,1
2280,crashing,1
2281,crass,1
2282,craven,1
2283,cravenly,2
2284,craze,1
2285,crazily,1
2286,craziness,2
2287,crazy,1
2288,creak,2
2289,creaking,2
2290,credulous,1
2291,creep,2
2292,creepy,2
2293,crime,1
2294,criminal,1
2295,cringe,1
2296,cripple,1
2297,crippling,1
2298,crisis,1
2299,critic,1
2300,critical,1
2301,criticism,1
2302,criticize,1
2303,crook,2
2304,crooked,1
2305,crowded,1
2306,crude,1
2307,cruel,1
2308,crueler,1
2309,cruelest,1
2310,cruelly,2
2311,cruelness,1
2312,cruelty,1
2313,crumble,2
2314,crummy,1
2315,crumple,1
2316,crumpled,1
2317,crush,1
2318,crushed,1
2319,cry,1
2320,culpable,1
2321,culprit,1
2322,cumbersome,1
2323,curse,1
2324,cursed,1
2325,curt,1
2326,cuss,1
2327,cutthroat,2
2328,cynical,1
2329,cynicism,2
2330,damage,1
2331,damaged,1
2332,damages,1
2333,damaging,1
2334,damn,1
2335,damnable,1
2336,damnation,2
2337,damned,1
2338,damning,2
2339,damper,1
2340,danger,1
2341,dangerous,1
2342,dark,1
2343,darken,1
2344,darkened,1
2345,darker,1
2346,darkness,1
2347,dastard,1
2348,dastardly,2
2349,daunt,2
2350,daunting,2
2351,dawdle,2
2352,daze,1
2353,dazed,2
2354,dead,1
2355,deadbeat,1
2356,deadly,2
2357,deadweight,1
2358,deaf,1
2359,dearth,1
2360,death,1
2361,debacle,1
2362,debase,1
2363,debasement,1
2364,debatable,1
2365,debauch,1
2366,debaucher,2
2367,debauchery,1
2368,debilitate,2
2369,debilitating,1
2370,debt,2
2371,decadence,1
2372,decadent,1
2373,decay,1
2374,decayed,2
2375,deceit,1
2376,deceitful,1
2377,deceitfully,2
2378,deceitfulness,2
2379,deceive,1
2380,deceiver,1
2381,deceiving,1
2382,deception,2
2383,deceptive,1
2384,deceptively,2
2385,declaim,2
2386,decline,1
2387,decrepit,2
2388,decrepitude,2
2389,decry,1
2390,defamation,1
2391,defamatory,1
2392,defame,1
2393,defect,1
2394,defective,1
2395,defensive,2
2396,defiance,2
2397,defiant,2
2398,defiantly,1
2399,deficiency,1
2400,deficient,1
2401,defile,1
2402,deform,2
2403,deformed,2
2404,defunct,1
2405,defy,1
2406,degenerate,1
2407,degeneration,1
2408,degradation,1
2409,degrade,1
2410,degrading,1
2411,dehumanization,1
2412,dehumanize,1
2413,deign,1
2414,dejected,2
2415,dejectedly,1
2416,delay,1
2417,delinquency,1
2418,delinquent,2
2419,delirious,1
2420,delirium,1
2421,delude,1
2422,deluded,1
2423,deluge,1
2424,delusion,1
2425,delusional,1
2426,demean,1
2427,demeaning,1
2428,demise,1
2429,demolish,1
2430,demon,1
2431,demonic,1
2432,demonize,1
2433,demoralize,1
2434,demoralizing,1
2435,denial,1
2436,denigrate,1
2437,denounce,1
2438,dense,1
2439,dent,1
2440,dented,1
2441,denunciation,1
2442,deny,1
2443,deplete,1
2444,deplorable,1
2445,deplorably,1
2446,deplore,2
2447,deprave,1
2448,depraved,1
2449,deprecate,1
2450,depress,1
2451,depressed,1
2452,depressing,1
2453,depressingly,2
2454,depression,1
2455,deprive,1
2456,deprived,1
2457,deride,1
2458,derision,1
2459,derisive,2
2460,derisively,1
2461,derogatory,1
2462,desecrate,1
2463,desert,1
2464,desertion,1
2465,desiccate,2
2466,desiccated,1
2467,desolate,2
2468,desolation,2
2469,despair,1
2470,despairing,2
2471,despairingly,1
2472,desperate,1
2473,desperately,1
2474,desperation,1
2475,despicable,1
2476,despicably,1
2477,despise,1
2478,despoil,1
2479,despondence,1
2480,despondency,1
2481,despondent,1
2482,despot,1
2483,despotic,2
2484,destitute,1
2485,destroy,1
2486,destroyer,1
2487,destruction,1
2488,destructive,2
2489,desultory,1
2490,deter,1
2491,deteriorate,1
2492,deterioration,1
2493,deterrent,1
2494,detest,1
2495,detestable,1
2496,detract,2
2497,detraction,2
2498,detriment,2
2499,detrimental,1
2500,devastate,1
2501,devastating,1
2502,devastatingly,1
2503,devastation,1
2504,deviate,1
2505,deviation,1
2506,devil,1
2507,devilish,1
2508,devilishly,2
2509,devious,1
2510,deviously,1
2511,deviousness,2
2512,devoid,1
2513,diabolic,1
2514,diabolical,1
2515,diabolically,1
2516,diametrically,1
2517,diappointed,1
2518,diatribe,1
2519,dick,1
2520,dictator,1
2521,dictatorial,1
2522,die,1
2523,die-hard,2
2524,difficult,1
2525,difficulty,1
2526,dilapidated,1
2527,dilemma,1
2528,dilly-dally,1
2529,dim,1
2530,dimmer,2
2531,din,1
2532,ding,1
2533,dinky,1
2534,dire,1
2535,direly,1
2536,direness,1
2537,dirt,1
2538,dirtbag,1
2539,dirty,1
2540,disable,1
2541,disabled,1
2542,disadvantage,2
2543,disadvantaged,1
2544,disadvantageous,2
2545,disaffected,2
2546,disagree,1
2547,disagreeable,1
2548,disagreeing,1
2549,disagreement,1
2550,disallow,1
2551,disapointed,1
2552,disapointing,1
2553,disapointment,1
2554,disappoint,1
2555,disappointed,1
2556,disappointing,2
2557,disappointingly,2
2558,disappointment,1
2559,disapproval,1
2560,disapprove,1
2561,disapproving,2
2562,disarm,1
2563,disarray,1
2564,disaster,1
2565,disasterous,1
2566,disastrous,1
2567,disastrously,2
2568,disavow,1
2569,disbelief,1
2570,disbelieve,1
2571,disbeliever,1
2572,disclaim,1
2573,discombobulate,2
2574,discomfort,2
2575,disconcert,2
2576,disconcerted,1
2577,disconcerting,1
2578,disconcertingly,2
2579,discontent,1
2580,discontented,1
2581,discontinuity,1
2582,discontinuous,1
2583,discord,1
2584,discordance,1
2585,discordant,1
2586,discourage,2
2587,discouragement,1
2588,discouraging,1
2589,discourteous,2
2590,discredit,1
2591,discriminate,1
2592,discrimination,1
2593,discriminatory,1
2594,disdain,1
2595,disdainful,1
2596,disfavor,1
2597,disgrace,1
2598,disgraced,1
2599,disgraceful,1
2600,disgracefully,1
2601,disgruntle,1
2602,disgruntled,1
2603,disgust,1
2604,disgusted,1
2605,disgustful,1
2606,disgusting,1
2607,disgustingly,1
2608,dishearten,1
2609,disheartening,1
2610,dishearteningly,2
2611,dishonest,1
2612,dishonestly,1
2613,dishonesty,1
2614,dishonor,1
2615,dishonorable,1
2616,disillusion,2
2617,disillusioned,1
2618,disillusionment,1
2619,disingenuous,2
2620,disingenuously,1
2621,disintegrate,1
2622,disintegration,1
2623,disinterest,1
2624,disinterested,2
2625,dislike,1
2626,disliked,1
2627,dislikes,1
2628,disliking,1
2629,dislocated,2
2630,disloyal,1
2631,disloyalty,1
2632,dismal,1
2633,dismally,1
2634,dismalness,1
2635,dismay,1
2636,dismayed,1
2637,dismaying,2
2638,dismayingly,1
2639,dismissive,2
2640,disobedience,1
2641,disobedient,1
2642,disobey,1
2643,disorder,1
2644,disorderly,1
2645,disorganized,1
2646,disorient,1
2647,disoriented,2
2648,disown,1
2649,disparage,1
2650,dispensable,2
2651,dispirit,1
2652,dispirited,2
2653,dispiriting,1
2654,displace,2
2655,displaced,1
2656,displease,1
2657,displeased,1
2658,displeasing,1
2659,displeasure,1
2660,disproportionate,1
2661,disprove,1
2662,dispute,1
2663,disquieting,2
2664,disquietingly,2
2665,disregard,1
2666,disreputable,2
2667,disrepute,1
2668,disrespect,1
2669,disrespectful,1
2670,disrespectfully,1
2671,disrupt,1
2672,disruption,1
2673,disruptive,2
2674,diss,1
2675,dissapointed,1
2676,dissappointed,1
2677,dissappointing,1
2678,dissatisfaction,1
2679,dissatisfactory,2
2680,dissatisfied,1
2681,dissatisfy,2
2682,dissatisfying,1
2683,dissension,1
2684,dissent,1
2685,dissenter,1
2686,disservice,1
2687,dissidence,2
2688,dissident,1
2689,dissing,1
2690,dissolute,1
2691,dissolution,2
2692,dissonance,1
2693,dissonant,1
2694,dissuade,1
2695,distaste,2
2696,distasteful,2
2697,distastefully,1
2698,distort,1
2699,distorted,1
2700,distortion,1
2701,distract,2
2702,distracting,1
2703,distraction,2
2704,distraught,1
2705,distress,1
2706,distressed,1
2707,distressing,2
2708,distressingly,2
2709,distrust,1
2710,distrustful,2
2711,disturb,1
2712,disturbance,1
2713,disturbed,1
2714,disturbing,1
2715,disturbingly,1
2716,divergent,2
2717,divisive,1
2718,divisiveness,1
2719,dizzy,1
2720,doddering,2
2721,dodgey,2
2722,dogged,2
2723,doggedly,1
2724,dogmatic,1
2725,doldrums,2
2726,domineering,1
2727,doom,1
2728,doomed,1
2729,doomsday,1
2730,dope,1
2731,doubt,1
2732,doubtful,2
2733,douchebag,1
2734,downbeat,2
2735,downcast,1
2736,downer,2
2737,downfall,2
2738,downgrade,1
2739,downhill,1
2740,downside,2
2741,downturn,1
2742,drab,2
2743,draconian,1
2744,drag,1
2745,drain,1
2746,drastic,1
2747,drastically,2
2748,drawback,1
2749,dread,2
2750,dreadful,1
2751,dreadfully,1
2752,dreadfulness,1
2753,dreary,2
2754,dripping,1
2755,drippy,1
2756,droop,1
2757,drop-out,1
2758,dropout,1
2759,drought,1
2760,drowning,1
2761,drunk,1
2762,drunkard,1
2763,drunken,1
2764,dubious,1
2765,dubiously,1
2766,dud,1
2767,dull,1
2768,dullard,2
2769,dumb,1
2770,dumbfound,1
2771,dump,1
2772,dunce,1
2773,dungeon,1
2774,dupe,1
2775,dust,1
2776,dusty,2
2777,dying,1
2778,eccentric,2
2779,eccentricity,1
2780,effigy,1
2781,effrontery,1
2782,egocentric,1
2783,egomania,1
2784,egotism,1
2785,egotistical,1
2786,egregious,1
2787,egregiously,1
2788,elimination,2
2789,emaciated,1
2790,emasculate,1
2791,embarrass,1
2792,embarrassing,1
2793,embarrassingly,1
2794,embarrassment,1
2795,embattled,2
2796,embroil,2
2797,emergency,1
2798,emphatic,1
2799,emphatically,1
2800,emptiness,2
2801,encroach,1
2802,encroachment,2
2803,endanger,1
2804,enemy,1
2805,enervate,2
2806,engulf,1
2807,enjoin,1
2808,enmity,1
2809,enrage,1
2810,enraged,1
2811,enslave,1
2812,entangle,1
2813,entanglement,1
2814,entrap,2
2815,entrapment,2
2816,envious,1
2817,enviously,1
2818,epidemic,2
2819,equivocal,1
2820,erase,1
2821,erode,2
2822,erosion,1
2823,err,1
2824,errant,2
2825,erratic,1
2826,erratically,1
2827,erroneous,1
2828,erroneously,2
2829,error,1
2830,escapade,1
2831,eschew,2
2832,evade,1
2833,evasion,2
2834,evasive,1
2835,evil,1
2836,evildoer,1
2837,eviscerate,1
2838,exacerbate,2
2839,exagerate,1
2840,exagerated,2
2841,exaggerate,1
2842,exaggeration,1
2843,exasperate,2
2844,exasperated,2
2845,exasperating,2
2846,exasperatingly,2
2847,exasperation,2
2848,excessive,1
2849,excessively,1
2850,exclusion,1
2851,excoriate,1
2852,excruciating,1
2853,excruciatingly,1
2854,excuse,1
2855,excuses,1
2856,execrate,1
2857,exhaust,1
2858,exhausted,1
2859,exhaustion,1
2860,exhort,1
2861,exile,1
2862,exorbitant,1
2863,exorbitantly,2
2864,expel,1
2865,expensive,1
2866,expire,1
2867,explode,1
2868,exploit,1
2869,exploitation,1
2870,explosive,1
2871,expunge,1
2872,exterminate,1
2873,extermination,1
2874,extinguish,1
2875,extort,1
2876,extortion,1
2877,extraneous,1
2878,extravagance,2
2879,extravagant,1
2880,extravagantly,1
2881,extremism,2
2882,extremist,1
2883,eyesore,1
2884,fabricate,1
2885,fabrication,1
2886,facetious,1
2887,facetiously,2
2888,fail,1
2889,failed,1
2890,failing,2
2891,failure,1
2892,faint,1
2893,faithless,2
2894,fake,1
2895,fall,1
2896,fallacious,1
2897,fallacy,1
2898,fallen,1
2899,falling,1
2900,fallout,2
2901,false,1
2902,falsehood,1
2903,falsely,1
2904,falsify,1
2905,falter,2
2906,famine,1
2907,famished,1
2908,fanatic,1
2909,fanatical,1
2910,fanatically,1
2911,fanaticism,1
2912,fanciful,1
2913,far-fetched,2
2914,farce,1
2915,farcical,1
2916,farcically,2
2917,farfetched,1
2918,fascism,1
2919,fascist,1
2920,fastidious,2
2921,fat,1
2922,fatal,2
2923,fatalistic,2
2924,fatally,1
2925,fateful,1
2926,fathomless,1
2927,fatigue,2
2928,fatigued,2
2929,fatty,1
2930,fatuous,1
2931,fault,1
2932,faulty,1
2933,faze,1
2934,fear,1
2935,fearful,1
2936,fearfully,1
2937,fearsome,1
2938,feckless,1
2939,feeble,1
2940,feign,1
2941,feint,2
2942,fell,1
2943,felon,2
2944,felonious,1
2945,ferociously,1
2946,ferocity,2
2947,fetid,1
2948,fever,1
2949,feverish,1
2950,fiasco,1
2951,fickle,1
2952,fiction,1
2953,fictional,1
2954,fictitious,1
2955,fidget,1
2956,fidgety,1
2957,fiend,2
2958,fiendish,2
2959,fierce,1
2960,figurehead,1
2961,filth,1
2962,filthy,1
2963,finagle,1
2964,finicky,1
2965,fist,1
2966,flabbergast,2
2967,flagging,2
2968,flagrant,1
2969,flagrantly,2
2970,flair,1
2971,flak,1
2972,flake,1
2973,flakey,1
2974,flaking,1
2975,flaky,1
2976,flare,1
2977,flat-out,1
2978,flaunt,1
2979,flaw,1
2980,flawed,1
2981,flee,1
2982,fleeting,1
2983,flicker,1
2984,flickering,1
2985,flighty,2
2986,flimflam,1
2987,flimsy,1
2988,flirt,1
2989,flirty,2
2990,flounder,2
2991,flout,1
2992,fluster,1
2993,foe,1
2994,fool,1
2995,fooled,1
2996,foolhardy,1
2997,foolish,1
2998,foolishly,1
2999,foolishness,1
3000,forbid,1
3001,forbidden,1
3002,forceful,1
3003,foreboding,1
3004,forebodingly,2
3005,forfeit,1
3006,forgetful,1
3007,forgetfulness,2
3008,forlorn,2
3009,forlornly,1
3010,forsake,1
3011,forswear,1
3012,foul,1
3013,foulness,1
3014,fractious,1
3015,fracture,2
3016,fragile,1
3017,fragmented,1
3018,frail,1
3019,frantic,2
3020,frantically,1
3021,fraud,1
3022,fraudulent,1
3023,fraught,2
3024,frazzle,1
3025,frazzled,2
3026,freak,1
3027,freaking,1
3028,freakish,1
3029,freakishly,1
3030,freeze,1
3031,freezing,1
3032,frenetic,2
3033,frenetically,1
3034,frenzied,1
3035,frenzy,1
3036,fret,1
3037,fretful,1
3038,friction,1
3039,fried,1
3040,friggin,1
3041,frigging,1
3042,fright,2
3043,frighten,1
3044,frightening,1
3045,frighteningly,1
3046,frightful,1
3047,frightfully,2
3048,frigid,1
3049,frost,1
3050,frown,1
3051,frozen,1
3052,fruitless,1
3053,frustrate,2
3054,frustrated,1
3055,frustrating,1
3056,frustratingly,2
3057,frustration,1
3058,fuck,1
3059,fucking,1
3060,fudge,1
3061,fugitive,2
3062,full-blown,2
3063,fumble,2
3064,fume,1
3065,fundamentalism,1
3066,funky,2
3067,funnily,1
3068,funny,1
3069,furious,1
3070,furiously,2
3071,furor,1
3072,fury,1
3073,fuss,1
3074,fussy,2
3075,fusty,1
3076,futile,1
3077,futilely,1
3078,futility,1
3079,fuzzy,1
3080,gabble,2
3081,gaff,1
3082,gaffe,2
3083,gainsay,2
3084,gall,1
3085,galling,1
3086,gangster,1
3087,gape,1
3088,garbage,1
3089,garish,1
3090,gasp,1
3091,gauche,2
3092,gaudy,1
3093,gawk,1
3094,gawky,2
3095,geezer,1
3096,genocide,1
3097,get-rich,1
3098,ghastly,1
3099,ghetto,1
3100,ghosting,1
3101,gibber,1
3102,gibberish,1
3103,gibe,2
3104,giddy,1
3105,gimmick,1
3106,gimmicky,2
3107,glare,1
3108,glaringly,1
3109,glib,2
3110,glibly,2
3111,glitch,1
3112,gloom,2
3113,gloomy,2
3114,glower,2
3115,glum,2
3116,glut,1
3117,gnawing,1
3118,goad,1
3119,god-awful,1
3120,goof,1
3121,goofy,2
3122,goon,1
3123,gossip,2
3124,graceless,2
3125,gracelessly,1
3126,graft,2
3127,grainy,1
3128,grapple,1
3129,grate,2
3130,grating,1
3131,gravely,2
3132,greasy,1
3133,greed,1
3134,greedy,1
3135,grief,1
3136,grievance,1
3137,grieve,2
3138,grieving,1
3139,grievous,2
3140,grievously,1
3141,grim,1
3142,grimace,1
3143,grind,1
3144,gripe,1
3145,grisly,2
3146,gritty,1
3147,gross,1
3148,grossly,1
3149,grotesque,1
3150,grouch,1
3151,grouchy,1
3152,groundless,1
3153,grouse,1
3154,growl,1
3155,grudge,1
3156,grudging,1
3157,grudgingly,1
3158,gruesome,1
3159,gruesomely,2
3160,gruff,1
3161,grumble,2
3162,grumpier,1
3163,grumpy,1
3164,guile,1
3165,guilt,2
3166,guilty,1
3167,gullible,1
3168,gutless,2
3169,gutter,1
3170,hack,1
3171,haggard,1
3172,haggle,1
3173,halfhearted,1
3174,halfheartedly,1
3175,hallucinate,1
3176,hallucination,2
3177,hamper,2
3178,handicapped,1
3179,hang,1
3180,haphazard,2
3181,hapless,1
3182,harangue,2
3183,harass,1
3184,harassment,1
3185,hard,1
3186,hard-line,2
3187,hardball,2
3188,harden,2
3189,hardened,2
3190,hardliner,1
3191,hardship,1
3192,harm,1
3193,harmful,1
3194,harpy,2
3195,harridan,2
3196,harried,1
3197,harsh,1
3198,harshly,2
3199,hassle,1
3200,haste,1
3201,hastily,2
3202,hasty,2
3203,hate,1
3204,hated,1
3205,hateful,1
3206,hatefully,2
3207,hatefulness,1
3208,hater,1
3209,hating,1
3210,hatred,1
3211,haughtily,1
3212,haughty,1
3213,haunt,2
3214,haunting,2
3215,havoc,2
3216,hawkish,2
3217,haywire,1
3218,hazard,1
3219,hazardous,2
3220,haze,1
3221,hazy,2
3222,headache,1
3223,heartbreaker,1
3224,heartbreaking,1
3225,heartbreakingly,1
3226,heartless,1
3227,heathen,1
3228,heavy-handed,2
3229,heck,1
3230,heckle,1
3231,hectic,2
3232,hedge,1
3233,hedonistic,1
3234,heedless,1
3235,hefty,2
3236,hegemony,1
3237,heinous,1
3238,hell,1
3239,hell-bent,1
3240,helpless,1
3241,helplessly,1
3242,helplessness,1
3243,heresy,1
3244,heretic,1
3245,heretical,1
3246,hesitant,1
3247,hideous,1
3248,hideously,1
3249,hideousness,1
3250,high-priced,1
3251,hiliarious,1
3252,hinder,2
3253,hindrance,1
3254,hiss,1
3255,hissing,1
3256,ho-hum,2
3257,hoard,1
3258,hoax,1
3259,hobble,2
3260,hollow,1
3261,hoodwink,1
3262,hooligan,1
3263,hopeless,1
3264,hopelessly,1
3265,hopelessness,1
3266,horde,1
3267,horrendous,1
3268,horrendously,1
3269,horrible,1
3270,horrid,1
3271,horrific,1
3272,horrified,1
3273,horrify,1
3274,horrifying,1
3275,hostage,1
3276,hostile,1
3277,hostility,1
3278,hothead,2
3279,hothouse,1
3280,hubris,1
3281,huckster,1
3282,hum,1
3283,humid,2
3284,humiliate,1
3285,humiliating,1
3286,humiliation,1
3287,humming,2
3288,hung,1
3289,hurt,1
3290,hurtful,1
3291,hustler,1
3292,hype,1
3293,hypocrisy,1
3294,hypocrite,1
3295,hypocritical,1
3296,hypocritically,1
3297,hysteria,1
3298,hysteric,1
3299,hysterical,2
3300,hysterically,1
3301,idiocy,1
3302,idiot,1
3303,idiotic,1
3304,idiotically,2
3305,idle,2
3306,ignoble,1
3307,ignominious,1
3308,ignominiously,2
3309,ignominy,1
3310,ignorance,1
3311,ignorant,1
3312,ignore,1
3313,ill-advised,2
3314,ill-conceived,1
3315,ill-defined,2
3316,ill-designed,1
3317,ill-fated,1
3318,ill-formed,1
3319,ill-mannered,2
3320,ill-tempered,1
3321,ill-treated,1
3322,ill-used,2
3323,illegal,1
3324,illegally,1
3325,illegitimate,1
3326,illicit,1
3327,illiterate,1
3328,illness,1
3329,illogic,2
3330,illogical,1
3331,illogically,2
3332,illusion,1
3333,illusory,1
3334,imaginary,2
3335,imbalance,2
3336,imbecile,1
3337,immaterial,2
3338,immature,1
3339,imminence,2
3340,imminently,2
3341,immoderate,1
3342,immodest,1
3343,immoral,1
3344,immorality,2
3345,immorally,1
3346,immovable,2
3347,impair,1
3348,impaired,1
3349,impatience,1
3350,impatient,2
3351,impatiently,2
3352,impedance,1
3353,impede,1
3354,impediment,1
3355,impending,1
3356,impenitent,1
3357,imperfect,1
3358,imperfection,1
3359,imperialist,1
3360,imperil,1
3361,imperious,2
3362,impersonal,2
3363,impertinent,2
3364,impetuous,1
3365,impinge,2
3366,implacable,2
3367,implausible,1
3368,implausibly,1
3369,implicate,2
3370,implication,1
3371,implode,2
3372,impolite,1
3373,impolitely,2
3374,importunate,2
3375,impose,2
3376,imposition,1
3377,impossible,1
3378,impossibly,2
3379,impotent,1
3380,impoverished,2
3381,impractical,1
3382,imprecise,2
3383,imprecision,1
3384,imprison,1
3385,imprisonment,2
3386,improbability,2
3387,improbable,2
3388,improbably,1
3389,improper,1
3390,improperly,2
3391,impropriety,1
3392,imprudent,1
3393,impudent,2
3394,impugn,2
3395,impulsive,1
3396,impulsively,2
3397,impunity,2
3398,impurity,1
3399,inability,1
3400,inaccuracy,1
3401,inaccurate,1
3402,inaccurately,1
3403,inaction,1
3404,inactive,2
3405,inadequacy,1
3406,inadequate,1
3407,inadequately,2
3408,inadvisable,1
3409,inane,1
3410,inanely,1
3411,inappropriate,1
3412,inappropriately,1
3413,inapt,1
3414,inarticulate,2
3415,inattentive,2
3416,inaudible,1
3417,incapable,1
3418,incautious,1
3419,incendiary,1
3420,incense,1
3421,incessant,1
3422,incessantly,1
3423,incite,1
3424,incitement,1
3425,incivility,1
3426,incoherence,2
3427,incoherent,1
3428,incoherently,1
3429,incomparable,1
3430,incomparably,1
3431,incompatibility,1
3432,incompatible,1
3433,incompetence,1
3434,incompetent,1
3435,incompetently,1
3436,incomplete,1
3437,incomprehensible,1
3438,incomprehension,1
3439,inconceivable,1
3440,inconceivably,1
3441,incongruous,2
3442,incongruously,1
3443,inconsequential,2
3444,inconsiderate,1
3445,inconsiderately,1
3446,inconsistence,1
3447,inconsistency,1
3448,inconsistent,1
3449,inconsolably,2
3450,inconstant,1
3451,inconvenience,1
3452,inconveniently,1
3453,incorrect,1
3454,incorrectly,1
3455,incorrigible,1
3456,incorrigibly,2
3457,incredulous,1
3458,incredulously,1
3459,inculcate,1
3460,indecency,1
3461,indecent,2
3462,indecently,1
3463,indecision,1
3464,indecisive,1
3465,indefensible,1
3466,indeterminable,1
3467,indeterminate,1
3468,indifference,2
3469,indifferent,2
3470,indigent,1
3471,indignant,1
3472,indignantly,2
3473,indignation,1
3474,indignity,1
3475,indiscernible,1
3476,indiscreet,1
3477,indiscretion,2
3478,indiscriminate,1
3479,indiscriminately,1
3480,indistinguishable,1
3481,indoctrinate,1
3482,indoctrination,1
3483,indolent,1
3484,indulge,1
3485,ineffective,1
3486,ineffectively,1
3487,ineffectiveness,2
3488,ineffectual,1
3489,ineffectually,1
3490,inefficiency,2
3491,inefficient,1
3492,inefficiently,1
3493,inelegant,2
3494,inept,1
3495,ineptitude,1
3496,ineptly,1
3497,inequality,1
3498,inequitable,1
3499,inescapable,2
3500,inescapably,1
3501,inessential,2
3502,inevitable,2
3503,inevitably,2
3504,inexcusable,1
3505,inexcusably,1
3506,inexorable,1
3507,inexorably,2
3508,inexperience,1
3509,inexperienced,1
3510,inexpertly,2
3511,inextricably,2
3512,infamous,1
3513,infamously,1
3514,infamy,1
3515,infected,1
3516,infection,1
3517,inferior,1
3518,inferiority,1
3519,infernal,1
3520,infest,1
3521,infested,1
3522,infidel,1
3523,infiltrator,1
3524,infirm,1
3525,inflame,2
3526,inflammatory,1
3527,inflammed,1
3528,inflated,1
3529,inflationary,1
3530,inflexible,2
3531,inflict,1
3532,infraction,2
3533,infringe,1
3534,infringement,1
3535,infuriate,1
3536,infuriating,1
3537,infuriatingly,2
3538,inglorious,1
3539,ingrate,1
3540,inhibit,2
3541,inhibition,1
3542,inhospitable,2
3543,inhospitality,1
3544,inhuman,1
3545,inhumane,1
3546,inhumanity,1
3547,inimical,2
3548,iniquitous,1
3549,iniquity,1
3550,injure,1
3551,injurious,1
3552,injury,1
3553,injustice,1
3554,innuendo,1
3555,inoperable,1
3556,inopportune,2
3557,inordinate,1
3558,inordinately,1
3559,insane,1
3560,insanely,1
3561,insanity,1
3562,insatiable,2
3563,insecure,2
3564,insecurity,2
3565,insensible,1
3566,insensitive,1
3567,insensitively,1
3568,insensitivity,2
3569,insidious,1
3570,insidiously,1
3571,insignificance,2
3572,insignificant,1
3573,insincere,1
3574,insincerity,1
3575,insinuate,1
3576,insinuation,2
3577,insolence,1
3578,insolent,1
3579,insouciance,2
3580,instability,2
3581,instigate,2
3582,instigator,1
3583,insubordinate,1
3584,insubstantial,2
3585,insufferable,1
3586,insufferably,2
3587,insufficient,1
3588,insufficiently,2
3589,insular,1
3590,insult,1
3591,insulted,1
3592,insulting,1
3593,insultingly,1
3594,insupportable,1
3595,insurmountable,2
3596,insurmountably,1
3597,insurrection,1
3598,intefere,2
3599,intense,1
3600,interfere,1
3601,interference,1
3602,intermittent,1
3603,interrupt,1
3604,interruption,1
3605,intimidate,1
3606,intimidating,2
3607,intimidatingly,1
3608,intimidation,1
3609,intolerable,1
3610,intolerance,1
3611,intoxicate,1
3612,intrude,2
3613,intrusion,1
3614,intrusive,1
3615,inundate,1
3616,invader,2
3617,invalid,1
3618,invalidate,1
3619,invasive,2
3620,invective,1
3621,inveigle,2
3622,invisible,1
3623,involuntarily,1
3624,involuntary,2
3625,irascible,2
3626,irate,1
3627,ire,2
3628,irk,1
3629,irksome,2
3630,ironic,1
3631,ironical,1
3632,ironically,2
3633,irony,1
3634,irrational,1
3635,irrationality,2
3636,irrationally,1
3637,irreconcilable,1
3638,irrecoverable,1
3639,irredeemable,1
3640,irredeemably,1
3641,irregular,2
3642,irregularity,1
3643,irrelevance,2
3644,irrelevant,1
3645,irreparable,1
3646,irrepressible,2
3647,irresponsible,1
3648,irresponsibly,1
3649,irretrievable,2
3650,irreversible,2
3651,irritable,1
3652,irritably,1
3653,irritant,1
3654,irritate,1
3655,irritated,1
3656,irritating,1
3657,irritation,1
3658,isolate,1
3659,isolation,2
3660,issue,1
3661,itch,1
3662,itching,1
3663,itchy,2
3664,jabber,1
3665,jaded,1
3666,jagged,2
3667,jam,1
3668,jarring,2
3669,jaundiced,2
3670,jealous,1
3671,jealously,1
3672,jealousy,2
3673,jeer,1
3674,jeopardize,2
3675,jeopardy,1
3676,jerk,1
3677,jerky,1
3678,jitter,1
3679,jitters,2
3680,jittery,2
3681,jobless,1
3682,joke,1
3683,joker,1
3684,jolt,1
3685,judder,2
3686,jumpy,1
3687,junk,1
3688,junky,2
3689,junkyard,1
3690,kaput,1
3691,kill,1
3692,killer,1
3693,killing,1
3694,killjoy,1
3695,knave,1
3696,knife,1
3697,knock,1
3698,knotted,1
3699,kook,1
3700,kooky,2
3701,lack,1
3702,lackadaisical,1
3703,lackey,1
3704,lackluster,2
3705,laconic,2
3706,lag,1
3707,laid-off,1
3708,lambast,1
3709,lambaste,2
3710,lame,1
3711,lame-duck,1
3712,lament,1
3713,lamentable,2
3714,lamentably,1
3715,languid,2
3716,languish,2
3717,languor,2
3718,languorous,2
3719,lanky,2
3720,lapse,2
3721,lascivious,1
3722,last-ditch,1
3723,latency,1
3724,laughable,1
3725,laughably,1
3726,laughingstock,2
3727,lawbreaker,1
3728,lawless,2
3729,lawlessness,2
3730,layoff,2
3731,lazy,1
3732,leak,1
3733,leakage,1
3734,leaky,2
3735,lech,1
3736,lecher,2
3737,lecherous,1
3738,lechery,2
3739,leech,1
3740,leer,1
3741,leery,1
3742,left-leaning,1
3743,lemon,1
3744,lengthy,1
3745,lesser-known,1
3746,lethal,1
3747,lethargic,2
3748,lethargy,1
3749,lewd,1
3750,lewdness,2
3751,liability,1
3752,liable,1
3753,liar,1
3754,licentious,1
3755,licentiousness,1
3756,lie,1
3757,lier,1
3758,life-threatening,1
3759,lifeless,1
3760,limit,1
3761,limitation,2
3762,limited,1
3763,limp,2
3764,listless,2
3765,litigious,2
3766,little-known,1
3767,livid,1
3768,loath,1
3769,loathe,1
3770,loathing,1
3771,loathsome,1
3772,loathsomely,1
3773,lone,1
3774,loneliness,2
3775,lonely,2
3776,loner,2
3777,lonesome,2
3778,long-time,2
3779,long-winded,2
3780,longing,2
3781,longingly,1
3782,loophole,1
3783,loose,1
3784,loot,2
3785,lose,1
3786,loser,1
3787,losing,1
3788,loss,1
3789,lost,1
3790,loud,1
3791,louder,1
3792,lousy,1
3793,loveless,2
3794,lovelorn,2
3795,low-rated,2
3796,lowly,1
3797,ludicrous,1
3798,ludicrously,1
3799,lugubrious,2
3800,lukewarm,2
3801,lull,1
3802,lumpy,1
3803,lunatic,1
3804,lurch,2
3805,lure,1
3806,lurid,2
3807,lurk,2
3808,lying,1
3809,macabre,2
3810,mad,1
3811,madden,1
3812,maddening,1
3813,maddeningly,2
3814,madder,1
3815,madly,1
3816,madman,1
3817,madness,1
3818,maladjusted,1
3819,maladjustment,1
3820,malady,1
3821,malaise,2
3822,malcontent,1
3823,malevolence,1
3824,malevolent,2
3825,malevolently,1
3826,malice,1
3827,malicious,1
3828,maliciously,1
3829,maliciousness,2
3830,malign,1
3831,malignant,1
3832,maltreatment,1
3833,mangle,2
3834,mangled,1
3835,mangling,1
3836,mania,2
3837,maniac,1
3838,maniacal,1
3839,manic,1
3840,manipulate,1
3841,manipulation,2
3842,manipulative,2
3843,mar,2
3844,marginal,2
3845,marginally,1
3846,martyrdom,1
3847,mashed,1
3848,massacre,1
3849,matte,1
3850,mawkish,2
3851,mawkishness,1
3852,meager,1
3853,meaningless,1
3854,meanness,1
3855,measly,1
3856,meddle,1
3857,mediocre,2
3858,mediocrity,2
3859,melancholy,2
3860,melodramatic,1
3861,melodramatically,1
3862,meltdown,1
3863,menace,1
3864,menacing,2
3865,menacingly,1
3866,mendacious,1
3867,menial,2
3868,merciless,1
3869,mercilessly,2
3870,mess,1
3871,messed,2
3872,messing,1
3873,messy,2
3874,midget,1
3875,miff,1
3876,militancy,1
3877,mindless,1
3878,mindlessly,1
3879,mirage,1
3880,mire,2
3881,misalign,2
3882,misbegotten,2
3883,misbehave,2
3884,misbehavior,2
3885,miscalculate,2
3886,miscalculation,2
3887,miscellaneous,1
3888,mischief,2
3889,mischievous,1
3890,mischievously,1
3891,misconception,1
3892,miscreant,1
3893,misdirection,2
3894,miser,1
3895,miserable,1
3896,miserably,1
3897,miserly,2
3898,misery,1
3899,misfit,1
3900,misfortune,1
3901,misgiving,1
3902,misguide,2
3903,misguided,1
3904,mishandle,2
3905,mishap,1
3906,misinform,1
3907,misinformed,2
3908,misinterpret,1
3909,misjudge,1
3910,misjudgment,1
3911,mislead,1
3912,misleading,1
3913,misleadingly,2
3914,mismanage,1
3915,mispronounce,1
3916,misread,1
3917,misrepresent,1
3918,misrepresentation,1
3919,miss,1
3920,missed,1
3921,mist,1
3922,mistake,1
3923,mistaken,1
3924,mistakenly,1
3925,mistress,2
3926,mistrust,2
3927,misunderstand,1
3928,misunderstanding,2
3929,misuse,1
3930,moan,1
3931,mobster,1
3932,mock,1
3933,mockery,1
3934,mocking,2
3935,mockingly,1
3936,molest,1
3937,molestation,1
3938,monotonous,1
3939,monotony,1
3940,monster,1
3941,monstrosity,1
3942,monstrous,1
3943,monstrously,1
3944,moody,2
3945,moot,2
3946,mope,2
3947,morbid,1
3948,morbidly,1
3949,mordant,2
3950,moribund,2
3951,moron,1
3952,moronic,1
3953,mortification,1
3954,mortified,1
3955,mortify,1
3956,mortifying,1
3957,motionless,2
3958,motley,2
3959,mourn,1
3960,mourner,1
3961,mournful,2
3962,mournfully,1
3963,muddle,2
3964,muddy,1
3965,mudslinging,1
3966,mundane,2
3967,murder,1
3968,murderer,1
3969,murderous,2
3970,murderously,1
3971,murky,1
3972,muscle-flexing,2
3973,mushy,2
3974,musty,1
3975,mysterious,2
3976,mysteriously,1
3977,mystery,2
3978,mystify,1
3979,myth,1
3980,nag,2
3981,nagging,1
3982,naive,1
3983,naively,1
3984,narrower,2
3985,nastily,1
3986,nastiness,1
3987,nasty,1
3988,naughty,1
3989,nauseate,1
3990,nauseating,1
3991,nauseatingly,1
3992,nebulous,2
3993,needless,1
3994,needlessly,2
3995,needy,1
3996,nefarious,2
3997,negate,1
3998,negation,1
3999,negative,1
4000,negativity,1
4001,neglect,1
4002,negligence,1
4003,negligent,1
4004,nemesis,1
4005,nepotism,1
4006,nervous,1
4007,nervously,1
4008,nervousness,2
4009,nettle,1
4010,neurotic,1
4011,neurotically,2
4012,niggle,1
4013,nightmare,1
4014,nightmarish,1
4015,nightmarishly,1
4016,nitpick,1
4017,nitpicking,2
4018,noise,1
4019,noisier,2
4020,noisy,1
4021,nonexistent,1
4022,nonsense,1
4023,nosey,1
4024,notoriety,1
4025,notorious,1
4026,notoriously,1
4027,noxious,1
4028,nuisance,1
4029,numb,1
4030,obese,1
4031,object,1
4032,objection,1
4033,objectionable,1
4034,oblique,2
4035,obliterate,1
4036,oblivious,1
4037,obnoxious,1
4038,obnoxiously,1
4039,obscene,1
4040,obscenely,1
4041,obscenity,1
4042,obscure,1
4043,obscurity,2
4044,obsess,1
4045,obsessive,2
4046,obsessively,1
4047,obsessiveness,2
4048,obsolete,1
4049,obstacle,1
4050,obstruct,1
4051,obstruction,1
4052,obtrusive,2
4053,obtuse,2
4054,occlude,2
4055,odd,1
4056,odder,1
4057,oddest,1
4058,oddity,2
4059,oddly,2
4060,odor,1
4061,offence,1
4062,offend,1
4063,offender,1
4064,offensive,1
4065,offensively,1
4066,offensiveness,1
4067,officious,1
4068,ominous,1
4069,ominously,1
4070,omission,2
4071,omit,1
4072,one-sided,1
4073,onerous,1
4074,onslaught,1
4075,opinionated,2
4076,opponent,1
4077,opportunistic,1
4078,oppose,1
4079,opposition,1
4080,oppress,1
4081,oppression,1
4082,oppressive,1
4083,oppressively,2
4084,ordeal,1
4085,orphan,1
4086,ostracize,2
4087,outbreak,1
4088,outburst,2
4089,outcast,2
4090,outcry,1
4091,outlaw,2
4092,outmoded,1
4093,outrage,1
4094,outraged,1
4095,outrageous,1
4096,outrageously,1
4097,outrageousness,1
4098,outsider,2
4099,over-acted,1
4100,over-hyped,1
4101,over-priced,1
4102,overact,1
4103,overacted,1
4104,overbearing,2
4105,overbearingly,1
4106,overblown,1
4107,overdo,1
4108,overdone,1
4109,overdue,1
4110,overemphasize,2
4111,overheat,1
4112,overkill,2
4113,overloaded,1
4114,overlook,1
4115,overplay,1
4116,overpower,1
4117,overpriced,1
4118,overrated,1
4119,overreach,2
4120,overrun,1
4121,overshadow,2
4122,oversight,2
4123,oversimplification,2
4124,oversimplified,1
4125,oversimplify,1
4126,oversize,1
4127,overstate,2
4128,overstatement,1
4129,overthrow,1
4130,overturn,1
4131,overweight,1
4132,overwhelm,1
4133,overwhelmed,2
4134,overwhelming,1
4135,overwhelmingly,1
4136,overzealous,1
4137,pain,1
4138,painful,1
4139,painfull,1
4140,painfully,1
4141,pale,2
4142,paltry,1
4143,pan,1
4144,pandemonium,1
4145,pander,2
4146,pandering,1
4147,panic,1
4148,panicking,2
4149,panicky,2
4150,paradoxical,1
4151,paradoxically,1
4152,paralyzed,1
4153,paranoia,2
4154,paranoid,1
4155,parasite,1
4156,pariah,2
4157,parody,1
4158,partiality,1
4159,partisan,1
4160,passe,2
4161,passive,2
4162,passiveness,1
4163,pathetic,1
4164,pathetically,1
4165,patronize,1
4166,paucity,1
4167,pauper,1
4168,payback,2
4169,peculiar,2
4170,peculiarly,2
4171,pedantic,1
4172,peeve,1
4173,peeved,1
4174,peevish,2
4175,penalize,1
4176,penalty,1
4177,perfidious,1
4178,perfunctory,2
4179,peril,1
4180,perilous,1
4181,perilously,2
4182,perish,1
4183,pernicious,1
4184,perplex,1
4185,perplexed,1
4186,perplexing,2
4187,perplexity,1
4188,persecute,1
4189,persecution,1
4190,perturb,1
4191,pervasive,1
4192,perverse,1
4193,perversely,1
4194,perversion,1
4195,perversity,1
4196,pervert,1
4197,perverted,1
4198,pessimism,2
4199,pessimistic,2
4200,pest,1
4201,pestilent,1
4202,petrified,2
4203,petrify,2
4204,petty,1
4205,phobia,1
4206,phobic,2
4207,phony,1
4208,picket,1
4209,picketing,1
4210,picky,1
4211,pig,1
4212,pillage,2
4213,pillory,1
4214,pimple,1
4215,pinch,1
4216,pique,2
4217,pitiable,1
4218,pitiful,1
4219,pitifully,1
4220,pitiless,1
4221,pitilessly,1
4222,pittance,1
4223,pity,1
4224,plagiarize,1
4225,plague,1
4226,plasticky,2
4227,plaything,1
4228,plea,2
4229,plebeian,1
4230,plight,2
4231,plot,1
4232,ploy,1
4233,plunder,2
4234,plunderer,1
4235,pointless,1
4236,pointlessly,1
4237,poison,1
4238,poisonous,1
4239,poisonously,1
4240,pokey,1
4241,poky,2
4242,pollute,1
4243,polution,1
4244,pompous,1
4245,poor,1
4246,poorer,1
4247,poorest,1
4248,poorly,1
4249,posturing,2
4250,pout,1
4251,poverty,1
4252,powerless,1
4253,pratfall,2
4254,prattle,1
4255,precarious,2
4256,precariously,1
4257,precipitate,1
4258,precipitous,2
4259,predatory,1
4260,predicament,2
4261,prejudge,1
4262,prejudice,1
4263,prejudicial,1
4264,premeditated,1
4265,preoccupy,2
4266,preposterous,1
4267,preposterously,2
4268,presumptuous,1
4269,presumptuously,1
4270,pretence,2
4271,pretend,1
4272,pretense,1
4273,pretentious,1
4274,pretentiously,1
4275,pricey,1
4276,pricier,1
4277,prick,1
4278,prideful,1
4279,prik,2
4280,primitive,1
4281,prison,1
4282,prisoner,1
4283,problem,1
4284,problematic,2
4285,procrastinate,2
4286,profane,1
4287,profanity,1
4288,prohibit,1
4289,prohibitive,1
4290,prohibitively,1
4291,propaganda,1
4292,propagandize,1
4293,proprietary,1
4294,prosecute,2
4295,protest,1
4296,protracted,1
4297,provocation,2
4298,provocative,2
4299,provoke,1
4300,pry,1
4301,pugnacious,1
4302,pugnaciously,1
4303,punch,1
4304,punish,1
4305,punishable,2
4306,punitive,1
4307,punk,1
4308,puny,2
4309,puppet,1
4310,puzzlement,1
4311,puzzling,2
4312,quack,1
4313,qualm,1
4314,quandary,1
4315,quarrel,1
4316,quash,2
4317,queer,1
4318,questionable,2
4319,quibble,1
4320,quitter,1
4321,rabid,1
4322,racism,1
4323,racist,1
4324,racy,1
4325,radical,1
4326,radicalization,2
4327,radically,1
4328,rage,1
4329,ragged,2
4330,raging,2
4331,rail,2
4332,rampage,1
4333,rampant,1
4334,ramshackle,1
4335,rancor,1
4336,randomly,1
4337,rankle,1
4338,rant,1
4339,ranting,1
4340,rape,1
4341,raping,1
4342,rascal,1
4343,rash,1
4344,rattle,1
4345,ravage,1
4346,raving,1
4347,reactionary,1
4348,rebellious,1
4349,rebuff,2
4350,rebuke,1
4351,recalcitrant,1
4352,recant,1
4353,recession,1
4354,reckless,1
4355,recklessly,1
4356,recklessness,2
4357,recoil,2
4358,redundancy,2
4359,redundant,1
4360,refusal,2
4361,refuse,1
4362,refusing,1
4363,refutation,1
4364,refute,1
4365,regress,2
4366,regression,1
4367,regressive,1
4368,regret,1
4369,regreted,1
4370,regretful,1
4371,regretfully,2
4372,regrettable,1
4373,regrettably,1
4374,reject,1
4375,rejection,1
4376,rejects,2
4377,relapse,2
4378,relentless,1
4379,relentlessly,2
4380,relentlessness,2
4381,reluctance,1
4382,reluctant,1
4383,reluctantly,1
4384,remorse,1
4385,remorseful,2
4386,remorsefully,1
4387,remorseless,1
4388,remorselessly,1
4389,renounce,1
4390,renunciation,1
4391,repel,1
4392,repetitive,1
4393,reprehensible,1
4394,reprehensibly,1
4395,reprehensive,1
4396,repress,1
4397,repression,2
4398,repressive,1
4399,reprimand,1
4400,reproach,1
4401,repudiate,1
4402,repugnance,2
4403,repugnant,1
4404,repugnantly,1
4405,repulse,1
4406,repulsive,1
4407,repulsively,1
4408,repulsiveness,2
4409,resent,1
4410,resentful,2
4411,resentment,1
4412,resignation,2
4413,resigned,1
4414,resistance,1
4415,restless,1
4416,restrict,1
4417,restricted,2
4418,restriction,1
4419,restrictive,2
4420,resurgent,1
4421,retaliate,1
4422,retaliatory,1
4423,retard,1
4424,retarded,1
4425,retardedness,1
4426,retards,1
4427,reticent,2
4428,retract,1
4429,retreat,1
4430,revenge,1
4431,revengeful,2
4432,revert,1
4433,revile,1
4434,reviled,2
4435,revoke,1
4436,revolt,1
4437,revolting,1
4438,revoltingly,1
4439,revulsion,1
4440,rhapsodize,2
4441,rhetoric,1
4442,rhetorical,1
4443,ridicule,1
4444,ridiculous,1
4445,ridiculously,1
4446,rife,2
4447,rift,2
4448,rigid,2
4449,rigidity,1
4450,rigidness,2
4451,rile,1
4452,rip,1
4453,rip-off,1
4454,ripoff,1
4455,risk,1
4456,risky,2
4457,rival,1
4458,rivalry,2
4459,rocky,2
4460,rogue,1
4461,rollercoaster,1
4462,rot,1
4463,rotten,1
4464,rough,1
4465,rubbish,1
4466,rude,1
4467,rue,1
4468,ruffian,2
4469,ruffle,2
4470,ruin,1
4471,ruinous,2
4472,rumbling,1
4473,rumor,2
4474,rumple,2
4475,run-down,1
4476,runaway,1
4477,rupture,2
4478,rust,1
4479,rusty,1
4480,rut,2
4481,ruthless,2
4482,ruthlessly,1
4483,ruthlessness,1
4484,sabotage,1
4485,sack,1
4486,sad,1
4487,sadden,1
4488,sadly,1
4489,sadness,1
4490,sag,2
4491,saggy,1
4492,salacious,2
4493,sanctimonious,2
4494,sap,1
4495,sarcasm,1
4496,sarcastic,1
4497,sarcastically,1
4498,sardonic,2
4499,sass,1
4500,satirical,1
4501,satirize,1
4502,savage,1
4503,savagery,2
4504,savages,2
4505,scaly,2
4506,scam,1
4507,scandal,1
4508,scandalize,2
4509,scandalous,1
4510,scandalously,1
4511,scant,1
4512,scapegoat,1
4513,scar,1
4514,scarce,1
4515,scarcely,2
4516,scarcity,2
4517,scare,1
4518,scared,1
4519,scarier,1
4520,scariest,1
4521,scarily,1
4522,scary,1
4523,scathing,1
4524,scathingly,1
4525,sceptical,2
4526,scoff,1
4527,scold,2
4528,scolding,1
4529,scorching,2
4530,scorchingly,2
4531,scorn,1
4532,scornful,1
4533,scornfully,1
4534,scoundrel,1
4535,scourge,1
4536,scowl,1
4537,scramble,1
4538,scrap,1
4539,scratch,1
4540,scratchy,1
4541,scream,1
4542,screech,1
4543,screw-up,1
4544,screwed-up,2
4545,screwy,2
4546,scuff,2
4547,scum,1
4548,scummy,2
4549,second-class,1
4550,second-tier,2
4551,secretive,2
4552,sedentary,1
4553,seedy,1
4554,seethe,1
4555,seething,1
4556,self-criticism,1
4557,self-defeating,1
4558,self-destructive,1
4559,self-humiliation,1
4560,self-interest,1
4561,self-interested,2
4562,self-serving,1
4563,selfish,1
4564,selfishly,1
4565,selfishness,1
4566,semi-retarded,2
4567,senile,1
4568,sensationalize,1
4569,senseless,1
4570,senselessly,1
4571,seriousness,1
4572,sermonize,1
4573,servitude,1
4574,set-up,1
4575,setback,2
4576,sever,2
4577,severe,1
4578,severity,1
4579,shabby,1
4580,shadowy,2
4581,shady,1
4582,shake,1
4583,shaky,1
4584,shallow,1
4585,sham,1
4586,shambles,1
4587,shame,1
4588,shameful,1
4589,shamefully,1
4590,shameless,1
4591,shamelessly,1
4592,shamelessness,1
4593,shark,1
4594,sharply,2
4595,shatter,1
4596,shimmer,1
4597,shimmy,2
4598,shipwreck,1
4599,shirk,1
4600,shit,1
4601,shiver,1
4602,shock,1
4603,shocked,1
4604,shocking,1
4605,shockingly,1
4606,shoddy,1
4607,short-lived,2
4608,shortage,2
4609,shortchange,1
4610,shortcoming,2
4611,shortness,2
4612,shortsighted,2
4613,showdown,2
4614,shrew,1
4615,shriek,1
4616,shrill,2
4617,shrivel,1
4618,shroud,1
4619,shrug,1
4620,shun,1
4621,sick,1
4622,sicken,1
4623,sickening,1
4624,sickeningly,1
4625,sickly,1
4626,sickness,1
4627,sidetrack,2
4628,siege,2
4629,silly,1
4630,simplistic,2
4631,simplistically,2
4632,sin,1
4633,sinful,1
4634,sinister,2
4635,sink,1
4636,sinking,1
4637,skeptic,1
4638,skeptical,1
4639,skepticism,1
4640,sketchy,2
4641,skimpy,2
4642,skinny,1
4643,skittish,2
4644,skulk,1
4645,slack,2
4646,slander,1
4647,slanderous,1
4648,slap,1
4649,slashing,2
4650,slaughter,1
4651,slave,1
4652,sleazy,2
4653,slime,1
4654,slog,2
4655,slogging,1
4656,sloooow,1
4657,slooow,1
4658,sloppily,1
4659,sloppy,1
4660,sloth,1
4661,slothful,1
4662,slow,1
4663,slow-moving,2
4664,slower,1
4665,slowest,1
4666,slowly,1
4667,slug,1
4668,sluggish,2
4669,slump,2
4670,slur,1
4671,slut,1
4672,sly,2
4673,smack,1
4674,smallish,1
4675,smash,1
4676,smear,1
4677,smell,1
4678,smelly,1
4679,smelt,1
4680,smoke,1
4681,smokescreen,2
4682,smolder,1
4683,smother,1
4684,smoulder,1
4685,smudge,1
4686,smudged,1
4687,smudging,1
4688,smug,2
4689,smugly,2
4690,smut,1
4691,smuttier,1
4692,smutty,2
4693,snag,2
4694,snappish,1
4695,snare,1
4696,snarky,1
4697,snarl,1
4698,sneak,1
4699,sneakily,2
4700,sneaky,1
4701,sneer,1
4702,sneering,1
4703,snob,1
4704,snobbish,1
4705,snobby,1
4706,snobish,1
4707,snub,2
4708,soapy,1
4709,sob,1
4710,sober,1
4711,sobering,1
4712,solemn,2
4713,somber,2
4714,sore,1
4715,sorely,1
4716,soreness,1
4717,sorrow,2
4718,sorrowful,1
4719,sorrowfully,1
4720,sorry,1
4721,sour,1
4722,sourly,1
4723,spade,1
4724,spank,1
4725,spew,1
4726,spilling,1
4727,spinster,2
4728,spiritless,1
4729,spite,1
4730,spiteful,1
4731,spitefully,1
4732,spitefulness,1
4733,splatter,1
4734,split,1
4735,splitting,1
4736,spoil,1
4737,spoilage,1
4738,spook,1
4739,spookier,1
4740,spookily,1
4741,spooky,2
4742,spoon-fed,2
4743,spoon-feed,1
4744,sporadic,2
4745,spotty,1
4746,spurious,1
4747,spurn,1
4748,sputter,2
4749,squabble,2
4750,squabbling,1
4751,squander,2
4752,squash,1
4753,squeak,1
4754,squeaky,1
4755,squeal,1
4756,squealing,1
4757,squirm,1
4758,stab,1
4759,stagnant,2
4760,stagnate,1
4761,stagnation,2
4762,staid,2
4763,stain,1
4764,stale,1
4765,stalemate,1
4766,stall,1
4767,stammer,2
4768,stampede,1
4769,standstill,2
4770,stark,1
4771,starkly,2
4772,startle,1
4773,startling,2
4774,startlingly,2
4775,starvation,1
4776,starve,1
4777,static,1
4778,steal,1
4779,stealing,1
4780,steep,1
4781,steeply,2
4782,stench,1
4783,stereotype,1
4784,stereotypical,1
4785,stereotypically,1
4786,stern,1
4787,stew,1
4788,sticky,2
4789,stiff,1
4790,stiffness,2
4791,stifle,2
4792,stiflingly,1
4793,stigma,1
4794,stigmatize,1
4795,sting,2
4796,stinging,1
4797,stingy,1
4798,stink,1
4799,stodgy,1
4800,stole,1
4801,stolen,2
4802,stooge,1
4803,stormy,1
4804,straggle,1
4805,straggler,1
4806,strain,2
4807,strained,2
4808,strange,1
4809,strangely,2
4810,stranger,1
4811,strangest,1
4812,strangle,1
4813,streaky,1
4814,strenuous,2
4815,stress,1
4816,stressful,1
4817,stricken,1
4818,strict,1
4819,strictly,2
4820,strident,1
4821,strife,1
4822,strike,1
4823,stringent,1
4824,stringently,2
4825,struggle,1
4826,strut,1
4827,stubborn,2
4828,stubbornly,1
4829,stubbornness,1
4830,stuck,1
4831,stuffy,2
4832,stumble,1
4833,stump,1
4834,stumped,1
4835,stun,1
4836,stunt,1
4837,stupid,1
4838,stupidest,1
4839,stupidity,1
4840,stupidly,1
4841,stupify,1
4842,stupor,1
4843,stutter,1
4844,stuttering,1
4845,sty,1
4846,sub-par,1
4847,subjected,1
4848,subjugate,2
4849,subjugation,1
4850,submissive,1
4851,subordinate,1
4852,subpoena,1
4853,subservience,1
4854,subservient,1
4855,substandard,1
4856,subtract,2
4857,subversion,1
4858,subversive,2
4859,subversively,2
4860,subvert,1
4861,succumb,2
4862,suck,1
4863,sucked,1
4864,sucker,1
4865,sucky,1
4866,sue,1
4867,suffer,1
4868,sufferer,1
4869,suffering,1
4870,suffocate,1
4871,sugar-coat,1
4872,sugar-coated,1
4873,sugarcoated,1
4874,suicidal,1
4875,suicide,1
4876,sulk,2
4877,sullen,2
4878,sully,1
4879,sunken,1
4880,superficial,1
4881,superficiality,2
4882,superficially,2
4883,superfluous,1
4884,superstition,2
4885,superstitious,1
4886,suppress,1
4887,suppression,2
4888,surrender,2
4889,susceptible,1
4890,suspect,1
4891,suspicion,1
4892,suspicious,1
4893,suspiciously,1
4894,swagger,2
4895,sweaty,1
4896,swindle,1
4897,swipe,2
4898,swollen,1
4899,symptom,1
4900,syndrome,1
4901,taboo,1
4902,tacky,1
4903,taint,1
4904,tainted,1
4905,tamper,1
4906,tangle,1
4907,tangled,1
4908,tank,1
4909,tantrum,1
4910,tardy,1
4911,tarnish,1
4912,tarnished,1
4913,tattered,2
4914,taunt,1
4915,taunting,1
4916,tauntingly,1
4917,taut,2
4918,tawdry,2
4919,taxing,2
4920,tease,2
4921,teasingly,1
4922,tedious,1
4923,tediously,1
4924,temerity,2
4925,temper,1
4926,tempest,1
4927,temptation,1
4928,tenderness,1
4929,tense,1
4930,tension,2
4931,tentative,2
4932,tentatively,1
4933,tenuous,1
4934,tenuously,1
4935,tepid,2
4936,terrible,1
4937,terribleness,1
4938,terribly,1
4939,terror,1
4940,terrorism,1
4941,terrorize,2
4942,testy,2
4943,tetchy,2
4944,thankless,2
4945,thicker,2
4946,thirst,1
4947,thorny,2
4948,thoughtless,1
4949,thoughtlessly,1
4950,thoughtlessness,1
4951,thrash,1
4952,threat,1
4953,threaten,1
4954,threatening,1
4955,threesome,1
4956,throb,1
4957,throbbing,1
4958,throttle,1
4959,thug,1
4960,thumbs-down,2
4961,thwart,1
4962,time-consuming,1
4963,timid,2
4964,timidity,2
4965,timidly,1
4966,tingling,2
4967,tired,1
4968,tiresome,2
4969,tiring,1
4970,toil,1
4971,toll,1
4972,top-heavy,2
4973,topple,1
4974,torment,1
4975,tormented,1
4976,torrent,1
4977,tortuous,2
4978,torture,1
4979,tortured,1
4980,torturing,1
4981,torturous,1
4982,torturously,1
4983,totalitarian,1
4984,touchy,2
4985,toughness,2
4986,tout,1
4987,toxic,1
4988,tragedy,1
4989,tragic,1
4990,tragically,2
4991,traitor,1
4992,traitorous,1
4993,tramp,1
4994,trample,2
4995,transgress,1
4996,transgression,1
4997,trap,1
4998,trapped,1
4999,trash,1
5000,trashy,1
5001,trauma,1
5002,traumatic,1
5003,traumatically,1
5004,traumatize,1
5005,travesty,1
5006,treacherous,1
5007,treacherously,1
5008,treachery,2
5009,treason,1
5010,treasonous,1
5011,trick,1
5012,trickery,2
5013,tricky,1
5014,trivial,1
5015,trivialize,2
5016,trouble,1
5017,troubled,2
5018,troublemaker,2
5019,troublesome,1
5020,troubling,1
5021,truant,1
5022,tumble,1
5023,tumultuous,2
5024,turbulent,2
5025,turmoil,1
5026,twist,1
5027,twisted,1
5028,two-faced,2
5029,tyrannical,1
5030,tyranny,1
5031,tyrant,1
5032,ugh,1
5033,uglier,1
5034,ugliest,1
5035,ugliness,2
5036,ugly,1
5037,ulterior,1
5038,ultimatum,1
5039,un-viewable,1
5040,unable,1
5041,unacceptable,1
5042,unacceptably,1
5043,unaccustomed,2
5044,unachievable,1
5045,unappealing,2
5046,unattractive,1
5047,unauthentic,1
5048,unavailable,1
5049,unavoidably,2
5050,unbearable,1
5051,unbelievable,1
5052,unbelievably,1
5053,uncaring,1
5054,uncertain,2
5055,uncivil,1
5056,uncivilized,1
5057,unclean,1
5058,unclear,1
5059,uncomfortable,1
5060,uncomfortably,1
5061,uncompromising,1
5062,unconstitutional,1
5063,uncontrolled,1
5064,unconvincing,2
5065,unconvincingly,1
5066,uncooperative,1
5067,uncouth,1
5068,uncreative,1
5069,undecided,2
5070,undefined,1
5071,undependable,2
5072,undercut,2
5073,underdog,1
5074,underestimate,2
5075,undermine,2
5076,underpaid,1
5077,underpowered,1
5078,undersized,1
5079,undesirable,1
5080,undetermined,2
5081,undignified,1
5082,undocumented,2
5083,undue,1
5084,unease,1
5085,uneasily,2
5086,uneasiness,1
5087,uneasy,2
5088,uneconomical,2
5089,unemployed,1
5090,unequal,1
5091,unethical,1
5092,uneven,2
5093,uneventful,1
5094,unexpected,2
5095,unexpectedly,2
5096,unexplained,1
5097,unfairly,2
5098,unfaithful,2
5099,unfamiliar,1
5100,unfavorable,1
5101,unfeeling,2
5102,unfinished,1
5103,unfit,1
5104,unforeseen,1
5105,unforgiving,1
5106,unfortunate,1
5107,unfortunately,1
5108,unfounded,1
5109,unfriendly,1
5110,unfulfilled,2
5111,ungrateful,1
5112,unhappily,1
5113,unhappiness,1
5114,unhappy,1
5115,unhealthy,1
5116,unhelpful,1
5117,unimaginable,1
5118,unimaginably,1
5119,unimportant,1
5120,uninformed,1
5121,uninsured,1
5122,unintelligible,1
5123,unjust,1
5124,unjustifiable,1
5125,unjustifiably,1
5126,unjustified,1
5127,unjustly,1
5128,unkind,2
5129,unknown,1
5130,unlawful,1
5131,unlawfully,2
5132,unleash,1
5133,unlicensed,1
5134,unlikely,1
5135,unlucky,1
5136,unmoved,1
5137,unnatural,1
5138,unnaturally,1
5139,unnecessary,1
5140,unneeded,1
5141,unnerve,1
5142,unnerved,1
5143,unnerving,2
5144,unnervingly,2
5145,unnoticed,2
5146,unorthodox,2
5147,unorthodoxy,1
5148,unpleasant,1
5149,unpopular,1
5150,unpredictable,1
5151,unprepared,1
5152,unproductive,1
5153,unproven,2
5154,unqualified,1
5155,unravel,2
5156,unreachable,1
5157,unreadable,1
5158,unrealistic,1
5159,unreasonable,1
5160,unreasonably,1
5161,unrelenting,1
5162,unrelentingly,2
5163,unreliability,1
5164,unreliable,1
5165,unresolved,1
5166,unresponsive,1
5167,unrest,2
5168,unruly,1
5169,unsafe,1
5170,unsatisfactory,1
5171,unsavory,2
5172,unscrupulous,2
5173,unscrupulously,1
5174,unsecure,1
5175,unseemly,1
5176,unsettle,2
5177,unsettled,2
5178,unsettling,2
5179,unsettlingly,2
5180,unskilled,1
5181,unsophisticated,2
5182,unsound,2
5183,unspeakable,1
5184,unspecified,1
5185,unstable,1
5186,unsteady,1
5187,unsuccessful,2
5188,unsuccessfully,1
5189,unsupported,1
5190,unsupportive,1
5191,unsure,1
5192,unsuspecting,1
5193,unsustainable,1
5194,untenable,2
5195,untested,2
5196,unthinkable,1
5197,untimely,1
5198,untouched,1
5199,untrue,1
5200,untrustworthy,1
5201,untruthful,1
5202,unusable,1
5203,unuseable,1
5204,unusual,2
5205,unusually,1
5206,unwanted,1
5207,unwarranted,1
5208,unwatchable,1
5209,unwelcome,1
5210,unwell,1
5211,unwieldy,2
5212,unwilling,1
5213,unwillingly,1
5214,unwillingness,1
5215,unwise,2
5216,unwisely,1
5217,unworkable,2
5218,unworthy,1
5219,unyielding,2
5220,upheaval,2
5221,uprising,1
5222,uproar,2
5223,uproarious,2
5224,uproariously,2
5225,uproot,1
5226,upset,1
5227,upsettingly,1
5228,urgent,2
5229,useless,1
5230,usurp,2
5231,usurper,1
5232,utterly,1
5233,vagrant,1
5234,vague,2
5235,vagueness,2
5236,vain,1
5237,vainly,1
5238,vanity,1
5239,vehement,1
5240,vehemently,1
5241,vengeance,1
5242,vengeful,1
5243,vengefulness,2
5244,venom,2
5245,venomous,1
5246,vent,1
5247,vex,2
5248,vexation,1
5249,vexing,1
5250,vibrate,1
5251,vibration,1
5252,vice,1
5253,vicious,1
5254,viciously,1
5255,viciousness,1
5256,victimize,1
5257,vile,1
5258,vileness,1
5259,vilify,1
5260,villainous,2
5261,villainously,1
5262,villian,1
5263,villianous,1
5264,villify,1
5265,vindictive,1
5266,vindictiveness,2
5267,violate,1
5268,violation,1
5269,violent,1
5270,violently,1
5271,viper,1
5272,virulence,1
5273,virulent,2
5274,virulently,2
5275,virus,1
5276,vociferous,2
5277,vociferously,1
5278,volatile,1
5279,vomit,1
5280,vomiting,1
5281,vulgar,1
5282,vulnerable,1
5283,wack,1
5284,wail,1
5285,wallow,1
5286,wane,2
5287,wanton,1
5288,war-like,1
5289,wariness,1
5290,warlike,1
5291,warning,1
5292,warp,1
5293,warped,1
5294,wary,1
5295,washed-out,1
5296,waste,1
5297,wasted,1
5298,wasteful,1
5299,wastefulness,1
5300,wasting,1
5301,water-down,2
5302,watered-down,2
5303,wayward,2
5304,weak,1
5305,weaken,2
5306,weaker,2
5307,weakness,2
5308,weariness,1
5309,wearisome,2
5310,weary,1
5311,wedge,1
5312,weed,1
5313,weep,2
5314,weird,1
5315,weirdly,2
5316,wheedle,1
5317,whimper,1
5318,whine,1
5319,whining,1
5320,whiny,1
5321,whore,1
5322,wicked,1
5323,wickedly,2
5324,wickedness,1
5325,wild,1
5326,wildly,2
5327,wiles,1
5328,wilt,2
5329,wily,2
5330,wimpy,1
5331,wince,1
5332,wobble,1
5333,woe,1
5334,woebegone,1
5335,woeful,1
5336,woefully,2
5337,womanizer,2
5338,womanizing,1
5339,worn,2
5340,worried,1
5341,worriedly,1
5342,worrisome,1
5343,worry,1
5344,worrying,1
5345,worryingly,1
5346,worse,1
5347,worsen,1
5348,worsening,2
5349,worst,1
5350,worthless,1
5351,worthlessly,1
5352,worthlessness,1
5353,wound,1
5354,wrangle,2
5355,wrath,1
5356,wreak,1
5357,wreck,1
5358,wrest,2
5359,wrestle,1
5360,wretch,1
5361,wretched,1
5362,wretchedly,1
5363,wretchedness,1
5364,wrinkle,1
5365,wrinkled,1
5366,writhe,1
5367,wrong,1
5368,wrongful,1
5369,wrongly,1
5370,wrought,1
5371,yawn,1
5372,zap,1
5373,zealot,1
5374,zealous,2
5375,zealously,1
5376,zombie,1